bbe_34879,fdb_11851,FALSE
bbe_34879,fdb_11851,FALSE
bbe_34879,fdb_11851,FALSE
bbe_34879,fdb_11851,FALSE
bbe_34879,fdb_11851,FALSE
bbe_34879,fdb_11851,FALSE
bbe_34879,fdb_11851,FALSE
bbe_34879,fdb_11851,FALSE
bbe_34879,fdb_11851,FALSE
bbe_34879,fdb_11851,FALSE
bbe_34879,fdb_11851,FALSE
bbe_34879,fdb_11851,FALSE
bbe_34879,fdb_11851,FALSE
bbe_34879,fdb_11851,FALSE
bbe_34879,fdb_11851,FALSE
bbe_34879,fdb_11851,FALSE
bbe_34879,fdb_11851,FALSE
bbe_34879,fdb_11851,FALSE
bbe_34879,fdb_11851,FALSE
bbe_34879,fdb_11851,FALSE
bbe_34879,fdb_11851,FALSE
bbe_34879,fdb_11851,FALSE
bbe_34879,fdb_11851,FALSE
bbe_34879,fdb_11851,FALSE
bbe_34879,fdb_11851,FALSE
bbe_34879,fdb_11851,FALSE
bbe_34879,fdb_11851,FALSE
bbe_34879,fdb_11851,FALSE
bbe_34879,fdb_11851,FALSE
bbe_34879,fdb_11851,FALSE
bbe_34879,fdb_11851,FALSE
bbe_34879,fdb_11851,FALSE
bbe_34879,fdb_11851,FALSE
bbe_34879,fdb_11851,FALSE
bbe_34879,fdb_11851,FALSE
bbe_34879,fdb_11851,FALSE
bbe_34879,fdb_11851,FALSE
bbe_34879,fdb_11851,FALSE
bbe_34879,fdb_11851,FALSE
bbe_34879,fdb_11851,FALSE
bbe_34879,fdb_11851,FALSE
bbe_34879,fdb_11851,FALSE
bbe_34879,fdb_11851,FALSE
bbe_34879,fdb_11851,FALSE
bbe_34879,fdb_11851,FALSE
bbe_34879,fdb_11851,FALSE
bbe_34879,fdb_11851,FALSE
bbe_34879,fdb_11851,FALSE
bbe_34879,fdb_11851,FALSE
bbe_34879,fdb_11851,FALSE
bbe_34879,fdb_11851,FALSE
bbe_34879,fdb_11851,FALSE
bbe_34879,fdb_11851,FALSE
bbe_34879,fdb_11851,FALSE
bbe_34879,fdb_11851,FALSE
bbe_34879,fdb_11851,FALSE
bbe_34879,fdb_11851,FALSE
bbe_34879,fdb_11851,FALSE
bbe_34879,fdb_11851,FALSE
bbe_34879,fdb_11851,FALSE
bbe_34879,fdb_11851,FALSE
bbe_34879,fdb_11851,FALSE
bbe_34879,fdb_11851,FALSE
bbe_34879,fdb_11851,FALSE
bbe_34879,fdb_11851,FALSE
bbe_34879,fdb_11851,FALSE
bbe_34879,fdb_11851,FALSE
bbe_34879,fdb_11851,FALSE
bbe_34879,fdb_11851,FALSE
bbe_34879,fdb_11851,FALSE
bbe_34879,fdb_11851,FALSE
bbe_34879,fdb_11851,FALSE
bbe_34879,fdb_11851,FALSE
bbe_34879,fdb_11851,FALSE
bbe_34879,fdb_11851,FALSE
bbe_34879,fdb_11851,FALSE
bbe_34879,fdb_11851,FALSE
bbe_34879,fdb_11851,FALSE
bbe_34879,fdb_11851,FALSE
bbe_34879,fdb_11851,FALSE
bbe_34879,fdb_11851,FALSE
bbe_34879,fdb_11851,FALSE
bbe_34879,fdb_11851,FALSE
bbe_34879,fdb_11851,FALSE
bbe_34879,fdb_11851,FALSE
bbe_34879,fdb_11851,FALSE
bbe_34879,fdb_11851,FALSE
bbe_34879,fdb_11851,FALSE
bbe_34879,fdb_11851,FALSE
bbe_34879,fdb_11851,FALSE
bbe_34879,fdb_11851,FALSE
bbe_34879,fdb_11851,FALSE
bbe_34879,fdb_11851,FALSE
bbe_34879,fdb_11851,FALSE
bbe_34879,fdb_11851,FALSE
bbe_34879,fdb_11851,FALSE
bbe_34879,fdb_11851,FALSE
bbe_34879,fdb_11851,FALSE
bbe_34879,fdb_11851,FALSE
bbe_34879,fdb_11851,FALSE
bbe_34879,fdb_11851,FALSE
bbe_34879,fdb_11851,FALSE
bbe_34879,fdb_11851,FALSE
bbe_34879,fdb_11851,FALSE
bbe_34879,fdb_11851,FALSE
bbe_34879,fdb_11851,FALSE
bbe_34879,fdb_11851,FALSE
bbe_34879,fdb_11851,FALSE
bbe_34879,fdb_11851,FALSE
bbe_34879,fdb_11851,FALSE
bbe_34879,fdb_11851,FALSE
bbe_34879,fdb_11851,FALSE
bbe_34879,fdb_11851,FALSE
bbe_34879,fdb_11851,FALSE
bbe_34879,fdb_11851,FALSE
bbe_34879,fdb_11851,FALSE
bbe_34879,fdb_11851,FALSE
bbe_34879,fdb_11851,FALSE
bbe_34879,fdb_11851,FALSE
bbe_34879,fdb_11851,FALSE
bbe_34879,fdb_11851,FALSE
bbe_34879,fdb_11851,FALSE
bbe_34879,fdb_11851,FALSE
bbe_34879,fdb_11851,FALSE
bbe_34879,fdb_11851,FALSE
bbe_34879,fdb_11851,FALSE
bbe_34879,fdb_11851,FALSE
bbe_34879,fdb_11851,FALSE
bbe_34879,fdb_11851,FALSE
bbe_34879,fdb_11851,FALSE
bbe_34879,fdb_11851,FALSE
bbe_34879,fdb_11851,FALSE
bbe_34879,fdb_11851,FALSE
bbe_34879,fdb_11851,FALSE
bbe_34879,fdb_11851,FALSE
bbe_34879,fdb_11851,FALSE
bbe_34879,fdb_11851,FALSE
bbe_34879,fdb_11851,FALSE
bbe_34879,fdb_11851,FALSE
bbe_34879,fdb_11851,FALSE
bbe_34879,fdb_11851,FALSE
bbe_34879,fdb_11851,FALSE
bbe_34879,fdb_11851,FALSE
bbe_34879,fdb_11851,FALSE
bbe_34879,fdb_11851,FALSE
bbe_34879,fdb_11851,FALSE
bbe_34879,fdb_11851,FALSE
bbe_34879,fdb_11851,FALSE
bbe_34879,fdb_11851,FALSE
bbe_34879,fdb_11851,FALSE
bbe_34879,fdb_11851,FALSE
bbe_34879,fdb_11851,FALSE
bbe_34879,fdb_11851,FALSE
bbe_34879,fdb_11851,FALSE
bbe_34879,fdb_11851,FALSE
bbe_34879,fdb_11851,FALSE
bbe_34879,fdb_11851,FALSE
bbe_34879,fdb_11851,FALSE
bbe_34879,fdb_11851,FALSE
bbe_34879,fdb_11851,FALSE
bbe_34879,fdb_11851,FALSE
bbe_34879,fdb_11851,FALSE
bbe_34879,fdb_11851,FALSE
bbe_34879,fdb_11851,FALSE
bbe_34879,fdb_11851,FALSE
bbe_34879,fdb_11851,FALSE
bbe_34879,fdb_11851,FALSE
bbe_34879,fdb_11851,FALSE
bbe_34879,fdb_11851,FALSE
bbe_34879,fdb_11851,FALSE
bbe_34879,fdb_11851,FALSE
bbe_34879,fdb_11851,FALSE
bbe_34879,fdb_11851,FALSE
bbe_34879,fdb_11851,FALSE
bbe_34879,fdb_11851,FALSE
bbe_34879,fdb_11851,FALSE
bbe_34879,fdb_11851,FALSE
bbe_34879,fdb_11851,FALSE
bbe_34879,fdb_11851,FALSE
bbe_34879,fdb_11851,FALSE
bbe_34879,fdb_11851,FALSE
bbe_34879,fdb_11851,FALSE
bbe_34879,fdb_11851,FALSE
bbe_34879,fdb_11851,FALSE
bbe_34879,fdb_11851,FALSE
bbe_34879,fdb_11851,FALSE
bbe_34879,fdb_11851,FALSE
bbe_34879,fdb_11851,FALSE
bbe_34879,fdb_11851,FALSE
bbe_34879,fdb_11851,FALSE
bbe_34879,fdb_11851,FALSE
bbe_34879,fdb_11851,FALSE
bbe_34879,fdb_11851,FALSE
bbe_34879,fdb_11851,FALSE
bbe_34879,fdb_11851,FALSE
bbe_34879,fdb_11851,FALSE
bbe_34879,fdb_11851,FALSE
bbe_34879,fdb_11851,FALSE
bbe_34879,fdb_11851,FALSE
bbe_34879,fdb_11851,FALSE
bbe_34879,fdb_11851,FALSE
bbe_34879,fdb_11851,FALSE
bbe_34879,fdb_11851,FALSE
bbe_34879,fdb_11851,FALSE
bbe_34879,fdb_11851,FALSE
bbe_34879,fdb_11851,FALSE
bbe_34879,fdb_11851,FALSE
bbe_34879,fdb_11851,FALSE
bbe_34879,fdb_11851,FALSE
bbe_34879,fdb_11851,FALSE
bbe_34879,fdb_11851,FALSE
bbe_34879,fdb_11851,FALSE
bbe_34879,fdb_11851,FALSE
bbe_34879,fdb_11851,FALSE
bbe_34879,fdb_11851,FALSE
bbe_34879,fdb_11851,FALSE
bbe_34879,fdb_11851,FALSE
bbe_34879,fdb_11851,FALSE
bbe_34879,fdb_11851,FALSE
bbe_34879,fdb_11851,FALSE
bbe_34879,fdb_11851,FALSE
bbe_34879,fdb_11851,FALSE
bbe_34879,fdb_11851,FALSE
bbe_34879,fdb_11851,FALSE
bbe_34879,fdb_11851,FALSE
bbe_34879,fdb_11851,FALSE
bbe_34879,fdb_11851,FALSE
bbe_34879,fdb_11851,FALSE
bbe_34879,fdb_11851,FALSE
bbe_34879,fdb_11851,FALSE
bbe_34879,fdb_11851,FALSE
bbe_34879,fdb_11851,FALSE
bbe_34879,fdb_11851,FALSE
bbe_34879,fdb_11851,FALSE
bbe_34879,fdb_11851,FALSE
bbe_34879,fdb_11851,FALSE
bbe_34879,fdb_11851,FALSE
bbe_34879,fdb_11851,FALSE
bbe_34879,fdb_11851,FALSE
bbe_34879,fdb_11851,FALSE
bbe_34879,fdb_11851,FALSE
bbe_34879,fdb_11851,FALSE
bbe_34879,fdb_11851,FALSE
bbe_34879,fdb_11851,FALSE
bbe_34879,fdb_11851,FALSE
bbe_34879,fdb_11851,FALSE
bbe_34879,fdb_11851,FALSE
bbe_34879,fdb_11851,FALSE
bbe_34879,fdb_11851,FALSE
bbe_34879,fdb_11851,FALSE
bbe_34879,fdb_11851,FALSE
bbe_34879,fdb_11851,FALSE
bbe_34879,fdb_11851,FALSE
bbe_34879,fdb_11851,FALSE
bbe_34879,fdb_11851,FALSE
bbe_34879,fdb_11851,FALSE
bbe_34879,fdb_11851,FALSE
bbe_34879,fdb_11851,FALSE
bbe_34879,fdb_11851,FALSE
bbe_34879,fdb_11851,FALSE
bbe_34879,fdb_11851,FALSE
bbe_34879,fdb_11851,FALSE
bbe_34879,fdb_11851,FALSE
bbe_34879,fdb_11851,FALSE
bbe_34879,fdb_11851,FALSE
bbe_34879,fdb_11851,FALSE
bbe_34879,fdb_11851,FALSE
bbe_34879,fdb_11851,FALSE
bbe_34879,fdb_11851,FALSE
bbe_34879,fdb_11851,FALSE
bbe_34879,fdb_11851,FALSE
bbe_34879,fdb_11851,FALSE
bbe_34879,fdb_11851,FALSE
bbe_34879,fdb_11851,FALSE
bbe_34879,fdb_11851,FALSE
bbe_34879,fdb_11851,FALSE
bbe_34879,fdb_11851,FALSE
bbe_34879,fdb_11851,FALSE
bbe_34879,fdb_11851,FALSE
bbe_34879,fdb_11851,FALSE
bbe_34879,fdb_11851,FALSE
bbe_34879,fdb_11851,FALSE
bbe_34879,fdb_11851,FALSE
bbe_34879,fdb_11851,FALSE
bbe_34879,fdb_11851,FALSE
bbe_34879,fdb_11851,FALSE
bbe_34879,fdb_11851,FALSE
bbe_34879,fdb_11851,FALSE
bbe_34879,fdb_11851,FALSE
bbe_34879,fdb_11851,FALSE
bbe_34879,fdb_11851,FALSE
bbe_34879,fdb_11851,FALSE
bbe_34879,fdb_11851,FALSE
bbe_34879,fdb_11851,FALSE
bbe_34879,fdb_11851,FALSE
bbe_34879,fdb_11851,FALSE
bbe_34879,fdb_11851,FALSE
bbe_34879,fdb_11851,FALSE
bbe_34879,fdb_11851,FALSE
bbe_34879,fdb_11851,FALSE
bbe_34879,fdb_11851,FALSE
bbe_34879,fdb_11851,FALSE
bbe_34879,fdb_11851,FALSE
bbe_34879,fdb_11851,FALSE
bbe_34879,fdb_11851,FALSE
bbe_34879,fdb_11851,FALSE
bbe_34879,fdb_11851,FALSE
bbe_34879,fdb_11851,FALSE
bbe_34879,fdb_11851,FALSE
bbe_34879,fdb_11851,FALSE
bbe_34879,fdb_11851,FALSE
bbe_34879,fdb_11851,FALSE
bbe_34879,fdb_11851,FALSE
bbe_34879,fdb_11851,FALSE
bbe_34879,fdb_11851,FALSE
bbe_34879,fdb_11851,FALSE
bbe_34879,fdb_11851,FALSE
bbe_34879,fdb_11851,FALSE
bbe_34879,fdb_11851,FALSE
bbe_34879,fdb_11851,FALSE
bbe_34879,fdb_11851,FALSE
bbe_34879,fdb_11851,FALSE
bbe_34879,fdb_11851,FALSE
bbe_34879,fdb_11851,FALSE
bbe_34879,fdb_11851,FALSE
bbe_34879,fdb_11851,FALSE
bbe_34879,fdb_11851,FALSE
bbe_34879,fdb_11851,FALSE
bbe_34879,fdb_11851,FALSE
bbe_34879,fdb_11851,FALSE
bbe_34879,fdb_11851,FALSE
bbe_34879,fdb_11851,FALSE
bbe_34879,fdb_11851,FALSE
bbe_34879,fdb_11851,FALSE
bbe_34879,fdb_11851,FALSE
bbe_34879,fdb_11851,FALSE
bbe_34879,fdb_11851,FALSE
bbe_34879,fdb_11851,FALSE
bbe_34879,fdb_11851,FALSE
bbe_34879,fdb_11851,FALSE
bbe_34879,fdb_11851,FALSE
bbe_34879,fdb_11851,FALSE
bbe_34879,fdb_11851,FALSE
bbe_34879,fdb_11851,FALSE
bbe_34879,fdb_11851,FALSE
bbe_34879,fdb_11851,FALSE
bbe_34879,fdb_11851,FALSE
bbe_34879,fdb_11851,FALSE
bbe_34879,fdb_11851,FALSE
bbe_34879,fdb_11851,FALSE
bbe_34879,fdb_11851,FALSE
bbe_34879,fdb_11851,FALSE
bbe_34879,fdb_11851,FALSE
bbe_34879,fdb_11851,FALSE
bbe_34879,fdb_11851,FALSE
bbe_34879,fdb_11851,FALSE
bbe_34879,fdb_11851,FALSE
bbe_34879,fdb_11851,FALSE
bbe_34879,fdb_11851,FALSE
bbe_34879,fdb_11851,FALSE
bbe_34879,fdb_11851,FALSE
bbe_34879,fdb_11851,FALSE
bbe_34879,fdb_11851,FALSE
bbe_34879,fdb_11851,FALSE
bbe_34879,fdb_11851,FALSE
bbe_34879,fdb_11851,FALSE
bbe_34879,fdb_11851,FALSE
bbe_34879,fdb_11851,FALSE
bbe_34879,fdb_11851,FALSE
bbe_34879,fdb_11851,FALSE
bbe_34879,fdb_11851,FALSE
bbe_34879,fdb_11851,FALSE
bbe_34879,fdb_11851,FALSE
bbe_34879,fdb_11851,FALSE
bbe_34879,fdb_11851,FALSE
bbe_34879,fdb_11851,FALSE
bbe_34879,fdb_11851,FALSE
bbe_34879,fdb_11851,FALSE
bbe_34879,fdb_11851,FALSE
bbe_34879,fdb_11851,FALSE
bbe_34879,fdb_11851,FALSE
bbe_34879,fdb_11851,FALSE
bbe_34879,fdb_11851,FALSE
bbe_34879,fdb_11851,FALSE
bbe_34879,fdb_11851,FALSE
bbe_34879,fdb_11851,FALSE
bbe_34879,fdb_11851,FALSE
bbe_34879,fdb_11851,FALSE
bbe_34879,fdb_11851,FALSE
bbe_34879,fdb_11851,FALSE
bbe_34879,fdb_11851,FALSE
bbe_34879,fdb_11851,FALSE
bbe_34879,fdb_11851,FALSE
bbe_34879,fdb_11851,FALSE
bbe_34879,fdb_11851,FALSE
bbe_34879,fdb_11851,FALSE
bbe_34879,fdb_11851,FALSE
bbe_34879,fdb_11851,FALSE
bbe_34879,fdb_11851,FALSE
bbe_34879,fdb_11851,FALSE
bbe_34879,fdb_11851,FALSE
bbe_34879,fdb_11851,FALSE
bbe_34879,fdb_11851,FALSE
bbe_34879,fdb_11851,FALSE
bbe_34879,fdb_11851,FALSE
bbe_34879,fdb_11851,FALSE
bbe_34879,fdb_11851,FALSE
bbe_34879,fdb_11851,FALSE
bbe_34879,fdb_11851,FALSE
bbe_34879,fdb_11851,FALSE
bbe_34879,fdb_11851,FALSE
bbe_34879,fdb_11851,FALSE
bbe_34879,fdb_11851,FALSE
bbe_34879,fdb_11851,FALSE
bbe_34879,fdb_11851,FALSE
bbe_34879,fdb_11851,FALSE
bbe_34879,fdb_11851,FALSE
bbe_34879,fdb_11851,FALSE
bbe_34879,fdb_11851,FALSE
bbe_34879,fdb_11851,FALSE
bbe_34879,fdb_11851,FALSE
bbe_34879,fdb_11851,FALSE
bbe_34879,fdb_11851,FALSE
bbe_34879,fdb_11851,FALSE
bbe_34879,fdb_11851,FALSE
bbe_34879,fdb_11851,FALSE
bbe_34879,fdb_11851,FALSE
bbe_34879,fdb_11851,FALSE
bbe_34879,fdb_11851,FALSE
bbe_34879,fdb_11851,FALSE
bbe_34879,fdb_11851,FALSE
bbe_34879,fdb_11851,FALSE
bbe_34879,fdb_11851,FALSE
bbe_34879,fdb_11851,FALSE
bbe_34879,fdb_11851,FALSE
bbe_34879,fdb_11851,FALSE
bbe_34879,fdb_11851,FALSE
bbe_34879,fdb_11851,FALSE
bbe_34879,fdb_11851,FALSE
bbe_34879,fdb_11851,FALSE
bbe_34879,fdb_11851,FALSE
bbe_34879,fdb_11851,FALSE
bbe_34879,fdb_11851,FALSE
bbe_34879,fdb_11851,FALSE
bbe_34879,fdb_11851,FALSE
bbe_34879,fdb_11851,FALSE
bbe_34879,fdb_11851,FALSE
bbe_34879,fdb_11851,FALSE
bbe_34879,fdb_11851,FALSE
bbe_34879,fdb_11851,FALSE
bbe_34879,fdb_11851,FALSE
bbe_34879,fdb_11851,FALSE
bbe_34879,fdb_11851,FALSE
bbe_34879,fdb_11851,FALSE
bbe_34879,fdb_11851,FALSE
bbe_34879,fdb_11851,FALSE
bbe_34879,fdb_11851,FALSE
bbe_34879,fdb_11851,FALSE
bbe_34879,fdb_11851,FALSE
bbe_34879,fdb_11851,FALSE
bbe_34879,fdb_11851,FALSE
bbe_34879,fdb_11851,FALSE
bbe_34879,fdb_11851,FALSE
bbe_34879,fdb_11851,FALSE
bbe_34879,fdb_11851,FALSE
bbe_34879,fdb_11851,FALSE
bbe_34879,fdb_11851,FALSE
bbe_34879,fdb_11851,FALSE
bbe_34879,fdb_11851,FALSE
bbe_34879,fdb_11851,FALSE
bbe_34879,fdb_11851,FALSE
bbe_34879,fdb_11851,FALSE
bbe_34879,fdb_11851,FALSE
bbe_34879,fdb_11851,FALSE
bbe_34879,fdb_11851,FALSE
bbe_34879,fdb_11851,FALSE
bbe_34879,fdb_11851,FALSE
bbe_34879,fdb_11851,FALSE
bbe_34879,fdb_11851,FALSE
bbe_34879,fdb_11851,FALSE
bbe_34879,fdb_11851,FALSE
bbe_34879,fdb_11851,FALSE
bbe_34879,fdb_11851,FALSE
bbe_34879,fdb_11851,FALSE
bbe_34879,fdb_11851,FALSE
bbe_34879,fdb_11851,FALSE
bbe_34879,fdb_11851,FALSE
bbe_34879,fdb_11851,FALSE
bbe_34879,fdb_11851,FALSE
bbe_34879,fdb_11851,FALSE
bbe_34879,fdb_11851,FALSE
bbe_34879,fdb_11851,FALSE
bbe_34879,fdb_11851,FALSE
bbe_34879,fdb_11851,FALSE
bbe_34879,fdb_11851,FALSE
bbe_34879,fdb_11851,FALSE
bbe_34879,fdb_11851,FALSE
bbe_34879,fdb_11851,FALSE
bbe_34879,fdb_11851,FALSE
bbe_34879,fdb_11851,FALSE
