"MatchingRule","Record1Identifier","Record2Identifier","TotalSimilarity","IsMatch"
"LinearCombinationMatchingRule","bbe_40747","fdb_6572","0.0",
"LinearCombinationMatchingRule","bbe_37311","fdb_14902","0.2333333333333333",
"LinearCombinationMatchingRule","bbe_20367","fdb_16496","0.0",
"LinearCombinationMatchingRule","bbe_11227","fdb_8944","0.0",
"LinearCombinationMatchingRule","bbe_4994","fdb_1391","0.0",
"LinearCombinationMatchingRule","bbe_36933","fdb_1418","0.5249999999999999","0"
"LinearCombinationMatchingRule","bbe_420","fdb_16519","0.2333333333333333",
"LinearCombinationMatchingRule","bbe_48357","fdb_210","0.2333333333333333",
"LinearCombinationMatchingRule","bbe_51985","fdb_2134","0.0",
"LinearCombinationMatchingRule","bbe_18453","fdb_4700","0.2333333333333333",
"LinearCombinationMatchingRule","bbe_18757","fdb_7053","0.2333333333333333",
"LinearCombinationMatchingRule","bbe_36375","fdb_5856","0.0",
"LinearCombinationMatchingRule","bbe_24810","fdb_1863","0.0",
"LinearCombinationMatchingRule","bbe_16750","fdb_12937","0.0",
"LinearCombinationMatchingRule","bbe_336","fdb_6273","0.0",
"LinearCombinationMatchingRule","bbe_141","fdb_4620","0.0",
"LinearCombinationMatchingRule","bbe_6286","fdb_6735","0.0",
"LinearCombinationMatchingRule","bbe_37568","fdb_2446","0.2333333333333333",
"LinearCombinationMatchingRule","bbe_13680","fdb_14210","0.0",
"LinearCombinationMatchingRule","bbe_16985","fdb_13454","0.0",
"LinearCombinationMatchingRule","bbe_22845","fdb_7998","0.0",
"LinearCombinationMatchingRule","bbe_27587","fdb_5314","0.2333333333333333",
"LinearCombinationMatchingRule","bbe_38017","fdb_11129","0.07777777777777777",
"LinearCombinationMatchingRule","bbe_17831","fdb_4069","0.0",
"LinearCombinationMatchingRule","bbe_39581","fdb_6165","0.0",
"LinearCombinationMatchingRule","bbe_1023","fdb_4044","0.0",
"LinearCombinationMatchingRule","bbe_49085","fdb_2876","0.0",
"LinearCombinationMatchingRule","bbe_51076","fdb_7742","0.0",
"LinearCombinationMatchingRule","bbe_42148","fdb_1879","0.0",
"LinearCombinationMatchingRule","bbe_17615","fdb_16730","0.175",
"LinearCombinationMatchingRule","bbe_22903","fdb_12117","0.0",
"LinearCombinationMatchingRule","bbe_34071","fdb_645","0.2333333333333333",
"LinearCombinationMatchingRule","bbe_16694","fdb_15866","0.0",
"LinearCombinationMatchingRule","bbe_2418","fdb_5727","0.19999999999999998",
"LinearCombinationMatchingRule","bbe_33769","fdb_17258","0.175",
"LinearCombinationMatchingRule","bbe_10596","fdb_3739","NaN",
"LinearCombinationMatchingRule","bbe_40301","fdb_11977","0.0",
"LinearCombinationMatchingRule","bbe_7394","fdb_15339","0.42",
"LinearCombinationMatchingRule","bbe_37860","fdb_12117","0.0",
"LinearCombinationMatchingRule","bbe_28404","fdb_2544","0.0",
"LinearCombinationMatchingRule","bbe_16726","fdb_12244","0.3",
"LinearCombinationMatchingRule","bbe_2519","fdb_4394","0.0",
"LinearCombinationMatchingRule","bbe_30957","fdb_8908","0.0",
"LinearCombinationMatchingRule","bbe_18259","fdb_1803","0.0",
"LinearCombinationMatchingRule","bbe_13164","fdb_16542","0.0",
"LinearCombinationMatchingRule","bbe_46871","fdb_2508","0.0",
"LinearCombinationMatchingRule","bbe_16094","fdb_12374","0.0",
"LinearCombinationMatchingRule","bbe_41938","fdb_8020","0.0",
"LinearCombinationMatchingRule","bbe_31872","fdb_16496","0.0",
"LinearCombinationMatchingRule","bbe_35477","fdb_6969","0.2333333333333333",
"LinearCombinationMatchingRule","bbe_50291","fdb_8660","0.0",
"LinearCombinationMatchingRule","bbe_43481","fdb_16698","0.0",
"LinearCombinationMatchingRule","bbe_41525","fdb_8797","0.0",
"LinearCombinationMatchingRule","bbe_9934","fdb_3408","0.0",
"LinearCombinationMatchingRule","bbe_35753","fdb_6276","NaN",
"LinearCombinationMatchingRule","bbe_673","fdb_7978","0.0",
"LinearCombinationMatchingRule","bbe_44534","fdb_8530","0.0",
"LinearCombinationMatchingRule","bbe_4195","fdb_4430","0.0",
"LinearCombinationMatchingRule","bbe_30987","fdb_8271","0.0",
"LinearCombinationMatchingRule","bbe_13057","fdb_2867","0.0",
"LinearCombinationMatchingRule","bbe_12633","fdb_11470","0.0",
"LinearCombinationMatchingRule","bbe_37481","fdb_9156","0.0",
"LinearCombinationMatchingRule","bbe_5720","fdb_11563","0.7",
"LinearCombinationMatchingRule","bbe_25844","fdb_9830","0.0",
"LinearCombinationMatchingRule","bbe_46103","fdb_10362","0.0",
"LinearCombinationMatchingRule","bbe_11816","fdb_13454","NaN",
"LinearCombinationMatchingRule","bbe_16432","fdb_6962","0.0",
"LinearCombinationMatchingRule","bbe_43961","fdb_3654","0.12727272727272726",
"LinearCombinationMatchingRule","bbe_14884","fdb_7675","0.0",
"LinearCombinationMatchingRule","bbe_8954","fdb_12439","0.0",
"LinearCombinationMatchingRule","bbe_14079","fdb_4690","0.0",
"LinearCombinationMatchingRule","bbe_8964","fdb_9561","0.3",
"LinearCombinationMatchingRule","bbe_8331","fdb_3647","0.2333333333333333",
"LinearCombinationMatchingRule","bbe_11457","fdb_14451","0.0",
"LinearCombinationMatchingRule","bbe_13693","fdb_1126","0.0",
"LinearCombinationMatchingRule","bbe_23216","fdb_16589","0.0",
"LinearCombinationMatchingRule","bbe_25998","fdb_12558","0.0",
"LinearCombinationMatchingRule","bbe_7701","fdb_16325","0.0",
"LinearCombinationMatchingRule","bbe_10530","fdb_3312","0.0",
"LinearCombinationMatchingRule","bbe_21921","fdb_329","0.0",
"LinearCombinationMatchingRule","bbe_10916","fdb_16785","0.15555555555555553",
"LinearCombinationMatchingRule","bbe_19261","fdb_5397","0.0",
"LinearCombinationMatchingRule","bbe_9554","fdb_2609","0.35",
"LinearCombinationMatchingRule","bbe_44936","fdb_16871","0.13999999999999999",
"LinearCombinationMatchingRule","bbe_1776","fdb_8509","0.0",
"LinearCombinationMatchingRule","bbe_11510","fdb_8020","NaN",
"LinearCombinationMatchingRule","bbe_2094","fdb_9355","0.0",
"LinearCombinationMatchingRule","bbe_31019","fdb_12507","NaN",
"LinearCombinationMatchingRule","bbe_25170","fdb_1580","0.0",
"LinearCombinationMatchingRule","bbe_50293","fdb_11107","0.175",
"LinearCombinationMatchingRule","bbe_34088","fdb_15317","0.0",
"LinearCombinationMatchingRule","bbe_16423","fdb_2134","0.0",
"LinearCombinationMatchingRule","bbe_3255","fdb_1671","0.0",
"LinearCombinationMatchingRule","bbe_40827","fdb_5864","0.26249999999999996",
"LinearCombinationMatchingRule","bbe_52263","fdb_9322","0.35",
"LinearCombinationMatchingRule","bbe_27315","fdb_8578","0.0",
"LinearCombinationMatchingRule","bbe_40818","fdb_7844","0.0",
"LinearCombinationMatchingRule","bbe_35815","fdb_11464","0.0",
"LinearCombinationMatchingRule","bbe_51856","fdb_8338","0.0",
"LinearCombinationMatchingRule","bbe_27688","fdb_11624","0.0",
"LinearCombinationMatchingRule","bbe_8226","fdb_4612","0.0",
"LinearCombinationMatchingRule","bbe_1026","fdb_8006","0.0",
"LinearCombinationMatchingRule","bbe_48326","fdb_14838","0.26249999999999996",
"LinearCombinationMatchingRule","bbe_1634","fdb_13393","0.0",
"LinearCombinationMatchingRule","bbe_29386","fdb_10822","0.0",
"LinearCombinationMatchingRule","bbe_36578","fdb_14658","0.0",
"LinearCombinationMatchingRule","bbe_21983","fdb_3280","0.2333333333333333",
"LinearCombinationMatchingRule","bbe_24217","fdb_2519","0.0",
"LinearCombinationMatchingRule","bbe_18116","fdb_8993","0.0",
"LinearCombinationMatchingRule","bbe_35332","fdb_4050","0.16153846153846155",
"LinearCombinationMatchingRule","bbe_44849","fdb_2805","0.19999999999999998",
"LinearCombinationMatchingRule","bbe_12811","fdb_3497","0.0",
"LinearCombinationMatchingRule","bbe_50821","fdb_12933","0.0875",
"LinearCombinationMatchingRule","bbe_32379","fdb_1391","0.0",
"LinearCombinationMatchingRule","bbe_37274","fdb_2640","0.0",
"LinearCombinationMatchingRule","bbe_5802","fdb_14838","0.2333333333333333",
"LinearCombinationMatchingRule","bbe_47444","fdb_12634","0.0",
"LinearCombinationMatchingRule","bbe_18715","fdb_11054","0.0",
"LinearCombinationMatchingRule","bbe_4470","fdb_11640","0.0",
"LinearCombinationMatchingRule","bbe_51774","fdb_6099","0.19999999999999998",
"LinearCombinationMatchingRule","bbe_31200","fdb_14143","NaN",
"LinearCombinationMatchingRule","bbe_42135","fdb_1534","0.7",
"LinearCombinationMatchingRule","bbe_39722","fdb_3386","0.0",
"LinearCombinationMatchingRule","bbe_15254","fdb_9964","0.0",
"LinearCombinationMatchingRule","bbe_7127","fdb_11542","0.0",
"LinearCombinationMatchingRule","bbe_24494","fdb_16076","0.35",
"LinearCombinationMatchingRule","bbe_18989","fdb_12144","0.09333333333333332",
"LinearCombinationMatchingRule","bbe_37593","fdb_1935","0.0",
"LinearCombinationMatchingRule","bbe_26268","fdb_8413","0.0",
"LinearCombinationMatchingRule","bbe_11816","fdb_8951","0.0",
"LinearCombinationMatchingRule","bbe_136","fdb_16531","0.19999999999999998",
"LinearCombinationMatchingRule","bbe_50510","fdb_4394","0.0",
"LinearCombinationMatchingRule","bbe_33041","fdb_7501","0.0",
"LinearCombinationMatchingRule","bbe_14528","fdb_13284","0.0",
"LinearCombinationMatchingRule","bbe_42958","fdb_16861","0.0",
"LinearCombinationMatchingRule","bbe_47413","fdb_11102","0.11666666666666665",
"LinearCombinationMatchingRule","bbe_51425","fdb_7874","0.2333333333333333",
"LinearCombinationMatchingRule","bbe_405","fdb_7109","NaN",
"LinearCombinationMatchingRule","bbe_7059","fdb_624","0.2333333333333333",
"LinearCombinationMatchingRule","bbe_52166","fdb_15729","0.0",
"LinearCombinationMatchingRule","bbe_10647","fdb_7548","0.0",
"LinearCombinationMatchingRule","bbe_19449","fdb_11656","NaN",
"LinearCombinationMatchingRule","bbe_14130","fdb_2406","0.0",
"LinearCombinationMatchingRule","bbe_42811","fdb_7881","0.0",
"LinearCombinationMatchingRule","bbe_35048","fdb_7744","0.0",
"LinearCombinationMatchingRule","bbe_48697","fdb_7844","0.0",
"LinearCombinationMatchingRule","bbe_35310","fdb_7708","0.0",
"LinearCombinationMatchingRule","bbe_19331","fdb_16496","0.0",
"LinearCombinationMatchingRule","bbe_20132","fdb_14008","0.0",
"LinearCombinationMatchingRule","bbe_38715","fdb_7313","0.42",
"LinearCombinationMatchingRule","bbe_37593","fdb_3739","0.0",
"LinearCombinationMatchingRule","bbe_39899","fdb_7563","0.0",
"LinearCombinationMatchingRule","bbe_20746","fdb_7978","0.0",
"LinearCombinationMatchingRule","bbe_1824","fdb_9676","0.0",
"LinearCombinationMatchingRule","bbe_30491","fdb_11883","0.0",
"LinearCombinationMatchingRule","bbe_33520","fdb_4149","0.0",
"LinearCombinationMatchingRule","bbe_40644","fdb_11319","0.1076923076923077",
"LinearCombinationMatchingRule","bbe_44405","fdb_9434","0.42",
"LinearCombinationMatchingRule","bbe_49231","fdb_17295","0.0",
"LinearCombinationMatchingRule","bbe_34433","fdb_2273","0.19999999999999998",
"LinearCombinationMatchingRule","bbe_7092","fdb_9446","0.0",
"LinearCombinationMatchingRule","bbe_45376","fdb_6153","NaN",
"LinearCombinationMatchingRule","bbe_1295","fdb_7114","0.0",
"LinearCombinationMatchingRule","bbe_6100","fdb_5427","0.7",
"LinearCombinationMatchingRule","bbe_21956","fdb_4810","0.2333333333333333",
"LinearCombinationMatchingRule","bbe_5789","fdb_12444","0.0",
"LinearCombinationMatchingRule","bbe_46914","fdb_975","0.2333333333333333",
"LinearCombinationMatchingRule","bbe_4369","fdb_15009","0.2333333333333333",
"LinearCombinationMatchingRule","bbe_13922","fdb_3220","0.0",
"LinearCombinationMatchingRule","bbe_5352","fdb_11235","0.0",
"LinearCombinationMatchingRule","bbe_20509","fdb_14045","0.0",
"LinearCombinationMatchingRule","bbe_2674","fdb_11613","0.19999999999999998",
"LinearCombinationMatchingRule","bbe_23732","fdb_3684","0.0",
"LinearCombinationMatchingRule","bbe_49839","fdb_13747","0.0",
"LinearCombinationMatchingRule","bbe_20931","fdb_5255","0.0",
"LinearCombinationMatchingRule","bbe_1175","fdb_10889","0.0",
"LinearCombinationMatchingRule","bbe_20093","fdb_2543","0.0",
"LinearCombinationMatchingRule","bbe_16803","fdb_4251","0.3",
"LinearCombinationMatchingRule","bbe_29576","fdb_3684","0.0",
"LinearCombinationMatchingRule","bbe_40956","fdb_4425","0.0",
"LinearCombinationMatchingRule","bbe_21226","fdb_4450","0.0",
"LinearCombinationMatchingRule","bbe_20837","fdb_11840","0.4666666666666666",
"LinearCombinationMatchingRule","bbe_1422","fdb_14742","0.2333333333333333",
"LinearCombinationMatchingRule","bbe_19233","fdb_12330","0.0",
"LinearCombinationMatchingRule","bbe_49705","fdb_8315","0.12727272727272726",
"LinearCombinationMatchingRule","bbe_30070","fdb_10380","0.0",
"LinearCombinationMatchingRule","bbe_20289","fdb_15606","0.0",
"LinearCombinationMatchingRule","bbe_29568","fdb_12444","0.0",
"LinearCombinationMatchingRule","bbe_22586","fdb_102","0.0",
"LinearCombinationMatchingRule","bbe_20264","fdb_11095","0.42",
"LinearCombinationMatchingRule","bbe_12351","fdb_16551","0.0875",
"LinearCombinationMatchingRule","bbe_4990","fdb_14435","0.09999999999999999",
"LinearCombinationMatchingRule","bbe_14416","fdb_17086","0.0",
"LinearCombinationMatchingRule","bbe_15318","fdb_6637","0.0",
"LinearCombinationMatchingRule","bbe_24751","fdb_2385","0.0",
"LinearCombinationMatchingRule","bbe_40307","fdb_3663","0.0",
"LinearCombinationMatchingRule","bbe_44457","fdb_3395","0.175",
"LinearCombinationMatchingRule","bbe_45374","fdb_4043","0.0",
"LinearCombinationMatchingRule","bbe_45713","fdb_5798","0.19999999999999998",
"LinearCombinationMatchingRule","bbe_18560","fdb_6748","0.2333333333333333",
"LinearCombinationMatchingRule","bbe_16344","fdb_14275","0.2333333333333333",
"LinearCombinationMatchingRule","bbe_40378","fdb_3051","0.0",
"LinearCombinationMatchingRule","bbe_10205","fdb_7159","0.2333333333333333",
"LinearCombinationMatchingRule","bbe_6887","fdb_9251","0.2333333333333333",
"LinearCombinationMatchingRule","bbe_21122","fdb_6954","0.2333333333333333",
"LinearCombinationMatchingRule","bbe_51774","fdb_8691","0.19999999999999998",
"LinearCombinationMatchingRule","bbe_33975","fdb_2542","0.0",
"LinearCombinationMatchingRule","bbe_2651","fdb_13702","0.2333333333333333",
"LinearCombinationMatchingRule","bbe_20531","fdb_12433","0.0",
"LinearCombinationMatchingRule","bbe_9995","fdb_6036","0.0",
"LinearCombinationMatchingRule","bbe_41830","fdb_13033","0.09999999999999999",
"LinearCombinationMatchingRule","bbe_29420","fdb_17120","0.2333333333333333",
"LinearCombinationMatchingRule","bbe_14313","fdb_5533","0.19999999999999998",
"LinearCombinationMatchingRule","bbe_46602","fdb_13170","0.2333333333333333",
"LinearCombinationMatchingRule","bbe_22483","fdb_8801","0.0",
"LinearCombinationMatchingRule","bbe_26524","fdb_15685","0.0",
"LinearCombinationMatchingRule","bbe_38534","fdb_13018","0.0",
"LinearCombinationMatchingRule","bbe_36007","fdb_8938","0.0",
"LinearCombinationMatchingRule","bbe_3131","fdb_10326","0.19999999999999998",
"LinearCombinationMatchingRule","bbe_764","fdb_10668","0.0",
"LinearCombinationMatchingRule","bbe_32253","fdb_7217","0.19999999999999998",
"LinearCombinationMatchingRule","bbe_17546","fdb_5622","0.0",
"LinearCombinationMatchingRule","bbe_12876","fdb_9365","0.42",
"LinearCombinationMatchingRule","bbe_38739","fdb_13356","0.0",
"LinearCombinationMatchingRule","bbe_16841","fdb_6763","0.0",
"LinearCombinationMatchingRule","bbe_637","fdb_14624","0.0",
"LinearCombinationMatchingRule","bbe_9680","fdb_15904","0.0",
"LinearCombinationMatchingRule","bbe_31129","fdb_2946","0.04666666666666666",
"LinearCombinationMatchingRule","bbe_51095","fdb_3360","0.7",
"LinearCombinationMatchingRule","bbe_43204","fdb_8104","0.0",
"LinearCombinationMatchingRule","bbe_5240","fdb_7169","0.2333333333333333",
"LinearCombinationMatchingRule","bbe_27939","fdb_5948","0.0",
"LinearCombinationMatchingRule","bbe_50855","fdb_6928","0.0",
"LinearCombinationMatchingRule","bbe_39778","fdb_13599","0.0",
"LinearCombinationMatchingRule","bbe_15241","fdb_13356","0.0",
"LinearCombinationMatchingRule","bbe_1801","fdb_4044","0.0",
"LinearCombinationMatchingRule","bbe_25963","fdb_13422","0.0",
"LinearCombinationMatchingRule","bbe_15936","fdb_9531","0.0",
"LinearCombinationMatchingRule","bbe_2375","fdb_9156","0.0",
"LinearCombinationMatchingRule","bbe_33041","fdb_5965","0.0",
"LinearCombinationMatchingRule","bbe_40291","fdb_14027","0.2333333333333333",
"LinearCombinationMatchingRule","bbe_44767","fdb_9193","0.0",
"LinearCombinationMatchingRule","bbe_42298","fdb_12161","0.0",
"LinearCombinationMatchingRule","bbe_27315","fdb_61","0.0",
"LinearCombinationMatchingRule","bbe_24217","fdb_9927","0.0",
"LinearCombinationMatchingRule","bbe_44906","fdb_12465","0.19999999999999998",
"LinearCombinationMatchingRule","bbe_48752","fdb_4069","0.0",
"LinearCombinationMatchingRule","bbe_46464","fdb_3739","0.0",
"LinearCombinationMatchingRule","bbe_23651","fdb_14055","0.0",
"LinearCombinationMatchingRule","bbe_50981","fdb_12815","NaN",
"LinearCombinationMatchingRule","bbe_25406","fdb_6829","0.19999999999999998",
"LinearCombinationMatchingRule","bbe_22138","fdb_12433","0.0",
"LinearCombinationMatchingRule","bbe_23561","fdb_10039","0.0",
"LinearCombinationMatchingRule","bbe_14057","fdb_10300","0.0",
"LinearCombinationMatchingRule","bbe_25592","fdb_8989","0.0",
"LinearCombinationMatchingRule","bbe_48119","fdb_5351","0.0",
"LinearCombinationMatchingRule","bbe_523","fdb_15238","0.03684210526315789",
"LinearCombinationMatchingRule","bbe_28956","fdb_16691","0.15555555555555553",
"LinearCombinationMatchingRule","bbe_20208","fdb_14787","0.19999999999999998",
"LinearCombinationMatchingRule","bbe_32555","fdb_13056","0.2333333333333333",
"LinearCombinationMatchingRule","bbe_34398","fdb_3541","0.19999999999999998",
"LinearCombinationMatchingRule","bbe_51369","fdb_10239","0.0",
"LinearCombinationMatchingRule","bbe_2871","fdb_7379","0.0",
"LinearCombinationMatchingRule","bbe_21511","fdb_7502","0.3",
"LinearCombinationMatchingRule","bbe_31098","fdb_5665","0.0",
"LinearCombinationMatchingRule","bbe_42321","fdb_1614","0.0",
"LinearCombinationMatchingRule","bbe_27688","fdb_8929","0.0",
"LinearCombinationMatchingRule","bbe_5526","fdb_4571","0.0",
"LinearCombinationMatchingRule","bbe_17636","fdb_13125","NaN",
"LinearCombinationMatchingRule","bbe_3645","fdb_15655","0.0",
"LinearCombinationMatchingRule","bbe_18227","fdb_1614","0.05",
"LinearCombinationMatchingRule","bbe_11117","fdb_12080","0.0",
"LinearCombinationMatchingRule","bbe_45291","fdb_2764","0.0",
"LinearCombinationMatchingRule","bbe_8613","fdb_2417","0.2333333333333333",
"LinearCombinationMatchingRule","bbe_27251","fdb_3932","0.0875",
"LinearCombinationMatchingRule","bbe_47313","fdb_16981","0.0",
"LinearCombinationMatchingRule","bbe_15337","fdb_2749","0.0",
"LinearCombinationMatchingRule","bbe_20042","fdb_16774","0.2333333333333333",
"LinearCombinationMatchingRule","bbe_36972","fdb_14442","0.2333333333333333",
"LinearCombinationMatchingRule","bbe_2260","fdb_3810","0.2333333333333333",
"LinearCombinationMatchingRule","bbe_34042","fdb_3929","0.0",
"LinearCombinationMatchingRule","bbe_30093","fdb_5458","0.0",
"LinearCombinationMatchingRule","bbe_7387","fdb_10337","0.0",
"LinearCombinationMatchingRule","bbe_4358","fdb_594","0.0",
"LinearCombinationMatchingRule","bbe_46489","fdb_2415","0.0",
"LinearCombinationMatchingRule","bbe_10785","fdb_16741","0.0",
"LinearCombinationMatchingRule","bbe_14486","fdb_6788","0.7","1"
"LinearCombinationMatchingRule","bbe_28906","fdb_14038","NaN",
"LinearCombinationMatchingRule","bbe_532","fdb_14298","0.35",
"LinearCombinationMatchingRule","bbe_20933","fdb_12225","0.35",
"LinearCombinationMatchingRule","bbe_33573","fdb_2575","0.0",
"LinearCombinationMatchingRule","bbe_7446","fdb_406","0.0",
"LinearCombinationMatchingRule","bbe_2608","fdb_3450","0.0",
"LinearCombinationMatchingRule","bbe_29085","fdb_14918","0.35",
"LinearCombinationMatchingRule","bbe_18293","fdb_13443","0.35",
"LinearCombinationMatchingRule","bbe_35781","fdb_14406","0.0",
"LinearCombinationMatchingRule","bbe_3781","fdb_436","0.42",
"LinearCombinationMatchingRule","bbe_42935","fdb_3676","0.0",
"LinearCombinationMatchingRule","bbe_11007","fdb_6561","0.7",
"LinearCombinationMatchingRule","bbe_44670","fdb_13821","0.2333333333333333",
"LinearCombinationMatchingRule","bbe_27016","fdb_4044","0.0",
"LinearCombinationMatchingRule","bbe_34369","fdb_2695","0.0",
"LinearCombinationMatchingRule","bbe_7874","fdb_679","0.19999999999999998",
"LinearCombinationMatchingRule","bbe_12406","fdb_8076","0.0",
"LinearCombinationMatchingRule","bbe_32351","fdb_4564","0.0",
"LinearCombinationMatchingRule","bbe_19275","fdb_14532","0.0",
"LinearCombinationMatchingRule","bbe_21724","fdb_5374","0.0",
"LinearCombinationMatchingRule","bbe_49136","fdb_11190","0.0",
"LinearCombinationMatchingRule","bbe_41506","fdb_10264","0.15555555555555553",
"LinearCombinationMatchingRule","bbe_14729","fdb_16525","0.0",
"LinearCombinationMatchingRule","bbe_19755","fdb_3711","0.0",
"LinearCombinationMatchingRule","bbe_10205","fdb_11731","0.3",
"LinearCombinationMatchingRule","bbe_36903","fdb_11933","0.0",
"LinearCombinationMatchingRule","bbe_35494","fdb_4087","0.0",
"LinearCombinationMatchingRule","bbe_50707","fdb_163","0.0",
"LinearCombinationMatchingRule","bbe_10500","fdb_1763","0.19999999999999998",
"LinearCombinationMatchingRule","bbe_22632","fdb_12897","0.2333333333333333",
"LinearCombinationMatchingRule","bbe_5070","fdb_5104","0.0",
"LinearCombinationMatchingRule","bbe_9819","fdb_3728","NaN",
"LinearCombinationMatchingRule","bbe_42707","fdb_9577","0.0",
"LinearCombinationMatchingRule","bbe_46521","fdb_11895","0.11666666666666665",
"LinearCombinationMatchingRule","bbe_5759","fdb_6966","NaN",
"LinearCombinationMatchingRule","bbe_39580","fdb_5261","0.15555555555555553",
"LinearCombinationMatchingRule","bbe_14587","fdb_7100","0.0",
"LinearCombinationMatchingRule","bbe_10756","fdb_6399","0.2333333333333333",
"LinearCombinationMatchingRule","bbe_22878","fdb_704","0.0",
"LinearCombinationMatchingRule","bbe_21485","fdb_14301","0.0",
"LinearCombinationMatchingRule","bbe_7980","fdb_3530","0.0",
"LinearCombinationMatchingRule","bbe_746","fdb_796","0.2333333333333333",
"LinearCombinationMatchingRule","bbe_40976","fdb_13445","0.0",
"LinearCombinationMatchingRule","bbe_32975","fdb_4933","0.0",
"LinearCombinationMatchingRule","bbe_51217","fdb_11731","0.3",
"LinearCombinationMatchingRule","bbe_14473","fdb_8468","0.0",
"LinearCombinationMatchingRule","bbe_34229","fdb_11585","0.7",
"LinearCombinationMatchingRule","bbe_27331","fdb_4427","0.0",
"LinearCombinationMatchingRule","bbe_23195","fdb_14853","0.11666666666666665",
"LinearCombinationMatchingRule","bbe_40976","fdb_12100","0.0",
"LinearCombinationMatchingRule","bbe_33337","fdb_4437","0.0",
"LinearCombinationMatchingRule","bbe_45408","fdb_3739","0.0",
"LinearCombinationMatchingRule","bbe_17736","fdb_13207","0.0",
"LinearCombinationMatchingRule","bbe_45286","fdb_10649","0.21",
"LinearCombinationMatchingRule","bbe_10338","fdb_9271","0.0",
"LinearCombinationMatchingRule","bbe_40624","fdb_7163","0.0",
"LinearCombinationMatchingRule","bbe_25896","fdb_15026","0.21",
"LinearCombinationMatchingRule","bbe_22346","fdb_16880","0.0",
"LinearCombinationMatchingRule","bbe_40236","fdb_1978","0.0",
"LinearCombinationMatchingRule","bbe_32793","fdb_4004","NaN",
"LinearCombinationMatchingRule","bbe_30019","fdb_16525","0.0",
"LinearCombinationMatchingRule","bbe_36630","fdb_10758","0.06999999999999999",
"LinearCombinationMatchingRule","bbe_5984","fdb_5857","0.0",
"LinearCombinationMatchingRule","bbe_4053","fdb_3036","0.2333333333333333",
"LinearCombinationMatchingRule","bbe_17192","fdb_9358","0.2333333333333333",
"LinearCombinationMatchingRule","bbe_39995","fdb_15402","0.0",
"LinearCombinationMatchingRule","bbe_13686","fdb_5006","0.0",
"LinearCombinationMatchingRule","bbe_10103","fdb_1673","0.0",
"LinearCombinationMatchingRule","bbe_6620","fdb_5824","0.0",
"LinearCombinationMatchingRule","bbe_361","fdb_6145","0.0",
"LinearCombinationMatchingRule","bbe_33974","fdb_16301","0.06999999999999999",
"LinearCombinationMatchingRule","bbe_46129","fdb_12675","0.09999999999999999",
"LinearCombinationMatchingRule","bbe_8051","fdb_15805","0.0",
"LinearCombinationMatchingRule","bbe_42365","fdb_15729","0.0",
"LinearCombinationMatchingRule","bbe_7680","fdb_9914","0.2333333333333333",
"LinearCombinationMatchingRule","bbe_20571","fdb_5551","0.0",
"LinearCombinationMatchingRule","bbe_4565","fdb_4018","0.0",
"LinearCombinationMatchingRule","bbe_31431","fdb_3670","0.0",
"LinearCombinationMatchingRule","bbe_35820","fdb_14045","0.0",
"LinearCombinationMatchingRule","bbe_45337","fdb_12131","0.0",
"LinearCombinationMatchingRule","bbe_36096","fdb_14348","0.0",
"LinearCombinationMatchingRule","bbe_39967","fdb_8050","0.0",
"LinearCombinationMatchingRule","bbe_40356","fdb_12557","0.0",
"LinearCombinationMatchingRule","bbe_21573","fdb_10319","0.0",
"LinearCombinationMatchingRule","bbe_42522","fdb_9501","0.0",
"LinearCombinationMatchingRule","bbe_3698","fdb_5330","0.0",
"LinearCombinationMatchingRule","bbe_46727","fdb_6835","0.0",
"LinearCombinationMatchingRule","bbe_7357","fdb_4679","0.0",
"LinearCombinationMatchingRule","bbe_13022","fdb_17120","0.2333333333333333",
"LinearCombinationMatchingRule","bbe_43550","fdb_15020","0.0",
"LinearCombinationMatchingRule","bbe_45408","fdb_1935","0.0",
"LinearCombinationMatchingRule","bbe_14801","fdb_3582","0.0",
"LinearCombinationMatchingRule","bbe_23676","fdb_966","0.0",
"LinearCombinationMatchingRule","bbe_5700","fdb_1879","0.0",
"LinearCombinationMatchingRule","bbe_14488","fdb_2253","0.0",
"LinearCombinationMatchingRule","bbe_34088","fdb_6361","0.0",
"LinearCombinationMatchingRule","bbe_4036","fdb_3896","0.42",
"LinearCombinationMatchingRule","bbe_29393","fdb_15945","0.42",
"LinearCombinationMatchingRule","bbe_51873","fdb_15945","0.42",
"LinearCombinationMatchingRule","bbe_5948","fdb_3041","0.0",
"LinearCombinationMatchingRule","bbe_46099","fdb_11406","0.0",
"LinearCombinationMatchingRule","bbe_6401","fdb_304","0.2333333333333333",
"LinearCombinationMatchingRule","bbe_48796","fdb_8554","NaN",
"LinearCombinationMatchingRule","bbe_26257","fdb_6067","0.0",
"LinearCombinationMatchingRule","bbe_27682","fdb_11874","0.0",
"LinearCombinationMatchingRule","bbe_8441","fdb_17161","0.2333333333333333",
"LinearCombinationMatchingRule","bbe_7193","fdb_8648","0.2333333333333333",
"LinearCombinationMatchingRule","bbe_33835","fdb_6009","0.0",
"LinearCombinationMatchingRule","bbe_52445","fdb_8077","0.2333333333333333",
"LinearCombinationMatchingRule","bbe_41794","fdb_13954","0.0",
"LinearCombinationMatchingRule","bbe_25243","fdb_4986","0.0",
"LinearCombinationMatchingRule","bbe_25288","fdb_719","0.0",
"LinearCombinationMatchingRule","bbe_14685","fdb_11846","0.09999999999999999",
"LinearCombinationMatchingRule","bbe_2244","fdb_7040","0.0",
"LinearCombinationMatchingRule","bbe_4115","fdb_4921","0.0",
"LinearCombinationMatchingRule","bbe_12035","fdb_16409","0.2333333333333333",
"LinearCombinationMatchingRule","bbe_39436","fdb_1825","0.0",
"LinearCombinationMatchingRule","bbe_43437","fdb_16353","0.0",
"LinearCombinationMatchingRule","bbe_50094","fdb_9516","0.0",
"LinearCombinationMatchingRule","bbe_14013","fdb_14305","0.2333333333333333",
"LinearCombinationMatchingRule","bbe_23974","fdb_11358","0.0",
"LinearCombinationMatchingRule","bbe_20455","fdb_5563","0.0",
"LinearCombinationMatchingRule","bbe_48297","fdb_15324","NaN",
"LinearCombinationMatchingRule","bbe_50513","fdb_12444","0.0",
"LinearCombinationMatchingRule","bbe_12656","fdb_14241","0.0",
"LinearCombinationMatchingRule","bbe_11965","fdb_14249","NaN",
"LinearCombinationMatchingRule","bbe_38446","fdb_1588","NaN","1"
"LinearCombinationMatchingRule","bbe_51169","fdb_4951","0.09999999999999999",
"LinearCombinationMatchingRule","bbe_47698","fdb_1930","0.95",
"LinearCombinationMatchingRule","bbe_15564","fdb_6952","0.15555555555555553",
"LinearCombinationMatchingRule","bbe_33845","fdb_15973","0.175",
"LinearCombinationMatchingRule","bbe_47150","fdb_10994","0.0",
"LinearCombinationMatchingRule","bbe_11473","fdb_8208","NaN",
"LinearCombinationMatchingRule","bbe_11950","fdb_11288","0.0",
"LinearCombinationMatchingRule","bbe_48184","fdb_43","0.2333333333333333",
"LinearCombinationMatchingRule","bbe_3113","fdb_9531","0.0",
"LinearCombinationMatchingRule","bbe_216","fdb_14301","0.0",
"LinearCombinationMatchingRule","bbe_52306","fdb_3184","0.11666666666666665",
"LinearCombinationMatchingRule","bbe_39864","fdb_4470","0.0",
"LinearCombinationMatchingRule","bbe_3684","fdb_13503","0.0",
"LinearCombinationMatchingRule","bbe_50630","fdb_13579","0.0",
"LinearCombinationMatchingRule","bbe_24153","fdb_10882","0.0",
"LinearCombinationMatchingRule","bbe_33587","fdb_13467","0.2333333333333333",
"LinearCombinationMatchingRule","bbe_35684","fdb_10477","0.0",
"LinearCombinationMatchingRule","bbe_5322","fdb_3646","0.0",
"LinearCombinationMatchingRule","bbe_10618","fdb_2272","0.0",
"LinearCombinationMatchingRule","bbe_10281","fdb_6316","0.7",
"LinearCombinationMatchingRule","bbe_38275","fdb_11924","0.0",
"LinearCombinationMatchingRule","bbe_1929","fdb_2544","0.0",
"LinearCombinationMatchingRule","bbe_30623","fdb_17249","0.11666666666666665",
"LinearCombinationMatchingRule","bbe_16241","fdb_11624","0.0",
"LinearCombinationMatchingRule","bbe_16482","fdb_1756","0.0",
"LinearCombinationMatchingRule","bbe_14519","fdb_2545","0.2333333333333333",
"LinearCombinationMatchingRule","bbe_9410","fdb_10678","0.2333333333333333",
"LinearCombinationMatchingRule","bbe_51657","fdb_6928","0.0",
"LinearCombinationMatchingRule","bbe_22350","fdb_1529","0.42",
"LinearCombinationMatchingRule","bbe_5234","fdb_9008","NaN",
"LinearCombinationMatchingRule","bbe_6051","fdb_2189","0.0",
"LinearCombinationMatchingRule","bbe_33733","fdb_7727","0.0",
"LinearCombinationMatchingRule","bbe_23639","fdb_14158","0.09333333333333332",
"LinearCombinationMatchingRule","bbe_9636","fdb_12136","0.7",
"LinearCombinationMatchingRule","bbe_9679","fdb_10901","0.0",
"LinearCombinationMatchingRule","bbe_7576","fdb_4503","0.0",
"LinearCombinationMatchingRule","bbe_1046","fdb_9101","NaN",
"LinearCombinationMatchingRule","bbe_4009","fdb_13494","0.0",
"LinearCombinationMatchingRule","bbe_45291","fdb_15580","0.0",
"LinearCombinationMatchingRule","bbe_451","fdb_15806","0.3",
"LinearCombinationMatchingRule","bbe_7995","fdb_704","0.0",
"LinearCombinationMatchingRule","bbe_28821","fdb_7707","0.19999999999999998",
"LinearCombinationMatchingRule","bbe_11779","fdb_13949","0.0",
"LinearCombinationMatchingRule","bbe_11307","fdb_1574","0.19999999999999998",
"LinearCombinationMatchingRule","bbe_27450","fdb_319","0.0",
"LinearCombinationMatchingRule","bbe_40435","fdb_212","0.0",
"LinearCombinationMatchingRule","bbe_11117","fdb_4082","0.0",
"LinearCombinationMatchingRule","bbe_11558","fdb_4286","0.0",
"LinearCombinationMatchingRule","bbe_4922","fdb_1632","0.0",
"LinearCombinationMatchingRule","bbe_2970","fdb_5103","0.95",
"LinearCombinationMatchingRule","bbe_4211","fdb_17176","0.0",
"LinearCombinationMatchingRule","bbe_35061","fdb_5291","0.13999999999999999",
"LinearCombinationMatchingRule","bbe_17774","fdb_11399","0.09333333333333332",
"LinearCombinationMatchingRule","bbe_30925","fdb_2939","0.0",
"LinearCombinationMatchingRule","bbe_48422","fdb_7727","0.0",
"LinearCombinationMatchingRule","bbe_13622","fdb_6499","0.0",
"LinearCombinationMatchingRule","bbe_30115","fdb_9346","0.0",
"LinearCombinationMatchingRule","bbe_34481","fdb_12797","0.42",
"LinearCombinationMatchingRule","bbe_12180","fdb_6572","0.0",
"LinearCombinationMatchingRule","bbe_22469","fdb_12774","0.0",
"LinearCombinationMatchingRule","bbe_41816","fdb_17187","0.0",
"LinearCombinationMatchingRule","bbe_42793","fdb_8932","0.0",
"LinearCombinationMatchingRule","bbe_3819","fdb_10533","NaN",
"LinearCombinationMatchingRule","bbe_16548","fdb_2493","0.0",
"LinearCombinationMatchingRule","bbe_35993","fdb_7291","0.09333333333333332",
"LinearCombinationMatchingRule","bbe_14056","fdb_14216","0.2333333333333333",
"LinearCombinationMatchingRule","bbe_2961","fdb_2785","0.0",
"LinearCombinationMatchingRule","bbe_23025","fdb_8938","0.0",
"LinearCombinationMatchingRule","bbe_24422","fdb_3889","0.0",
"LinearCombinationMatchingRule","bbe_14626","fdb_1311","0.0",
"LinearCombinationMatchingRule","bbe_10338","fdb_10526","0.0",
"LinearCombinationMatchingRule","bbe_8761","fdb_4854","0.0",
"LinearCombinationMatchingRule","bbe_31692","fdb_11546","NaN",
"LinearCombinationMatchingRule","bbe_25921","fdb_6070","0.0",
"LinearCombinationMatchingRule","bbe_41383","fdb_5489","0.95",
"LinearCombinationMatchingRule","bbe_5076","fdb_3747","0.35",
"LinearCombinationMatchingRule","bbe_30233","fdb_5114","0.42",
"LinearCombinationMatchingRule","bbe_13167","fdb_8415","0.0",
"LinearCombinationMatchingRule","bbe_16432","fdb_9842","0.0",
"LinearCombinationMatchingRule","bbe_4589","fdb_11883","0.0",
"LinearCombinationMatchingRule","bbe_28828","fdb_6273","0.0",
"LinearCombinationMatchingRule","bbe_16377","fdb_8308","0.175",
"LinearCombinationMatchingRule","bbe_22688","fdb_8460","0.1909090909090909",
"LinearCombinationMatchingRule","bbe_46402","fdb_7350","0.0",
"LinearCombinationMatchingRule","bbe_52150","fdb_181","0.15555555555555553",
"LinearCombinationMatchingRule","bbe_38567","fdb_3373","0.0",
"LinearCombinationMatchingRule","bbe_20331","fdb_12904","0.35",
"LinearCombinationMatchingRule","bbe_18350","fdb_12625","0.13999999999999999",
"LinearCombinationMatchingRule","bbe_32702","fdb_4690","0.0",
"LinearCombinationMatchingRule","bbe_51068","fdb_5555","0.0",
"LinearCombinationMatchingRule","bbe_18207","fdb_12916","0.0",
"LinearCombinationMatchingRule","bbe_13120","fdb_2256","0.35",
"LinearCombinationMatchingRule","bbe_7288","fdb_12522","0.0",
"LinearCombinationMatchingRule","bbe_11678","fdb_11403","0.0",
"LinearCombinationMatchingRule","bbe_43199","fdb_758","0.0",
"LinearCombinationMatchingRule","bbe_26593","fdb_9790","0.0",
"LinearCombinationMatchingRule","bbe_9377","fdb_10245","0.2333333333333333",
"LinearCombinationMatchingRule","bbe_21040","fdb_7161","0.2333333333333333",
"LinearCombinationMatchingRule","bbe_44424","fdb_10401","0.0",
"LinearCombinationMatchingRule","bbe_34824","fdb_3096","NaN",
"LinearCombinationMatchingRule","bbe_5688","fdb_10542","0.2333333333333333",
"LinearCombinationMatchingRule","bbe_8358","fdb_1606","0.2333333333333333",
"LinearCombinationMatchingRule","bbe_29765","fdb_3934","0.0",
"LinearCombinationMatchingRule","bbe_4358","fdb_13637","0.0",
"LinearCombinationMatchingRule","bbe_51774","fdb_3924","0.2333333333333333",
"LinearCombinationMatchingRule","bbe_36","fdb_16186","0.42",
"LinearCombinationMatchingRule","bbe_5708","fdb_7509","0.0",
"LinearCombinationMatchingRule","bbe_16705","fdb_6466","0.0",
"LinearCombinationMatchingRule","bbe_670","fdb_2984","0.0",
"LinearCombinationMatchingRule","bbe_25842","fdb_14641","0.0",
"LinearCombinationMatchingRule","bbe_27489","fdb_5344","0.2333333333333333",
"LinearCombinationMatchingRule","bbe_42383","fdb_15130","0.0",
"LinearCombinationMatchingRule","bbe_50350","fdb_12560","0.3",
"LinearCombinationMatchingRule","bbe_39451","fdb_4495","0.0",
"LinearCombinationMatchingRule","bbe_8048","fdb_4254","0.0",
"LinearCombinationMatchingRule","bbe_30273","fdb_14854","0.0",
"LinearCombinationMatchingRule","bbe_8612","fdb_17033","0.26249999999999996",
"LinearCombinationMatchingRule","bbe_17530","fdb_5818","0.0",
"LinearCombinationMatchingRule","bbe_10526","fdb_5685","0.35",
"LinearCombinationMatchingRule","bbe_41341","fdb_5006","0.0",
"LinearCombinationMatchingRule","bbe_4481","fdb_12555","0.0",
"LinearCombinationMatchingRule","bbe_33268","fdb_803","0.0",
"LinearCombinationMatchingRule","bbe_14753","fdb_12592","0.0",
"LinearCombinationMatchingRule","bbe_14648","fdb_14596","0.5249999999999999","0"
"LinearCombinationMatchingRule","bbe_8797","fdb_7329","0.0",
"LinearCombinationMatchingRule","bbe_27638","fdb_2446","0.2333333333333333",
"LinearCombinationMatchingRule","bbe_27489","fdb_12265","0.2333333333333333",
"LinearCombinationMatchingRule","bbe_39378","fdb_1804","0.2333333333333333",
"LinearCombinationMatchingRule","bbe_40690","fdb_212","0.0",
"LinearCombinationMatchingRule","bbe_30352","fdb_6009","0.0",
"LinearCombinationMatchingRule","bbe_9375","fdb_12796","NaN",
"LinearCombinationMatchingRule","bbe_25006","fdb_17071","0.2333333333333333",
"LinearCombinationMatchingRule","bbe_16347","fdb_2402","0.0",
"LinearCombinationMatchingRule","bbe_41933","fdb_10629","0.0",
"LinearCombinationMatchingRule","bbe_14579","fdb_6618","0.3",
"LinearCombinationMatchingRule","bbe_12083","fdb_6767","0.0",
"LinearCombinationMatchingRule","bbe_38536","fdb_9232","0.0",
"LinearCombinationMatchingRule","bbe_18789","fdb_9260","0.0",
"LinearCombinationMatchingRule","bbe_18093","fdb_1529","0.19999999999999998",
"LinearCombinationMatchingRule","bbe_13979","fdb_6223","0.0",
"LinearCombinationMatchingRule","bbe_51529","fdb_3912","0.0",
"LinearCombinationMatchingRule","bbe_7046","fdb_15243","0.0",
"LinearCombinationMatchingRule","bbe_9301","fdb_6036","0.0",
"LinearCombinationMatchingRule","bbe_13618","fdb_8495","0.0",
"LinearCombinationMatchingRule","bbe_1899","fdb_6295","0.2333333333333333",
"LinearCombinationMatchingRule","bbe_30316","fdb_1985","0.2333333333333333",
"LinearCombinationMatchingRule","bbe_1015","fdb_8435","0.0",
"LinearCombinationMatchingRule","bbe_42639","fdb_3408","0.0",
"LinearCombinationMatchingRule","bbe_20971","fdb_3103","0.0",
"LinearCombinationMatchingRule","bbe_1460","fdb_1703","0.0",
"LinearCombinationMatchingRule","bbe_28899","fdb_3496","0.0",
"LinearCombinationMatchingRule","bbe_17037","fdb_8140","0.0",
"LinearCombinationMatchingRule","bbe_5902","fdb_8695","NaN",
"LinearCombinationMatchingRule","bbe_36676","fdb_7170","NaN",
"LinearCombinationMatchingRule","bbe_26152","fdb_7844","0.0",
"LinearCombinationMatchingRule","bbe_20657","fdb_16703","0.2333333333333333",
"LinearCombinationMatchingRule","bbe_23996","fdb_13667","0.0",
"LinearCombinationMatchingRule","bbe_19158","fdb_4690","0.0",
"LinearCombinationMatchingRule","bbe_20753","fdb_3940","0.0",
"LinearCombinationMatchingRule","bbe_40059","fdb_7741","0.2333333333333333",
"LinearCombinationMatchingRule","bbe_347","fdb_9141","0.2333333333333333",
"LinearCombinationMatchingRule","bbe_11419","fdb_4251","0.4666666666666666",
"LinearCombinationMatchingRule","bbe_44716","fdb_292","0.0",
"LinearCombinationMatchingRule","bbe_51250","fdb_9724","0.0",
"LinearCombinationMatchingRule","bbe_7916","fdb_540","0.0",
"LinearCombinationMatchingRule","bbe_16147","fdb_2518","0.19999999999999998",
"LinearCombinationMatchingRule","bbe_17437","fdb_10946","0.42",
"LinearCombinationMatchingRule","bbe_42934","fdb_9744","NaN",
"LinearCombinationMatchingRule","bbe_16372","fdb_9470","0.0",
"LinearCombinationMatchingRule","bbe_2128","fdb_11095","0.2333333333333333",
"LinearCombinationMatchingRule","bbe_2595","fdb_788","0.0",
"LinearCombinationMatchingRule","bbe_6069","fdb_13306","0.0",
"LinearCombinationMatchingRule","bbe_2507","fdb_16525","0.0",
"LinearCombinationMatchingRule","bbe_23421","fdb_12005","0.16153846153846155",
"LinearCombinationMatchingRule","bbe_39210","fdb_11049","0.0",
"LinearCombinationMatchingRule","bbe_6019","fdb_13295","0.35",
"LinearCombinationMatchingRule","bbe_8550","fdb_14756","0.2333333333333333",
"LinearCombinationMatchingRule","bbe_15263","fdb_7666","0.0",
"LinearCombinationMatchingRule","bbe_41953","fdb_2519","0.0",
"LinearCombinationMatchingRule","bbe_35536","fdb_4870","0.42",
"LinearCombinationMatchingRule","bbe_25232","fdb_6952","0.0875",
"LinearCombinationMatchingRule","bbe_1095","fdb_7170","0.0",
"LinearCombinationMatchingRule","bbe_37300","fdb_2091","0.0",
"LinearCombinationMatchingRule","bbe_46464","fdb_1935","0.0",
"LinearCombinationMatchingRule","bbe_8857","fdb_7163","NaN",
"LinearCombinationMatchingRule","bbe_35662","fdb_1686","0.42",
"LinearCombinationMatchingRule","bbe_17740","fdb_2530","0.0",
"LinearCombinationMatchingRule","bbe_17683","fdb_7329","0.0",
"LinearCombinationMatchingRule","bbe_16990","fdb_503","0.0",
"LinearCombinationMatchingRule","bbe_29042","fdb_8801","0.0",
"LinearCombinationMatchingRule","bbe_41234","fdb_7138","0.0",
"LinearCombinationMatchingRule","bbe_46348","fdb_7191","0.0",
"LinearCombinationMatchingRule","bbe_39561","fdb_3096","0.0",
"LinearCombinationMatchingRule","bbe_15910","fdb_5747","0.0",
"LinearCombinationMatchingRule","bbe_4739","fdb_8232","0.0",
"LinearCombinationMatchingRule","bbe_6351","fdb_7839","0.11666666666666665",
"LinearCombinationMatchingRule","bbe_11230","fdb_15503","0.09999999999999999",
"LinearCombinationMatchingRule","bbe_39394","fdb_6644","0.0",
"LinearCombinationMatchingRule","bbe_10465","fdb_3737","0.0",
"LinearCombinationMatchingRule","bbe_43034","fdb_1961","0.0",
"LinearCombinationMatchingRule","bbe_44350","fdb_5658","0.0",
"LinearCombinationMatchingRule","bbe_3372","fdb_12100","0.0",
"LinearCombinationMatchingRule","bbe_51479","fdb_9449","0.7",
"LinearCombinationMatchingRule","bbe_9571","fdb_7254","0.0",
"LinearCombinationMatchingRule","bbe_41007","fdb_4043","0.0",
"LinearCombinationMatchingRule","bbe_10749","fdb_13953","NaN",
"LinearCombinationMatchingRule","bbe_17771","fdb_15660","0.2333333333333333",
"LinearCombinationMatchingRule","bbe_12555","fdb_8140","NaN",
"LinearCombinationMatchingRule","bbe_2903","fdb_11933","0.0",
"LinearCombinationMatchingRule","bbe_42943","fdb_7139","0.0",
"LinearCombinationMatchingRule","bbe_21294","fdb_16366","0.0",
"LinearCombinationMatchingRule","bbe_5070","fdb_420","0.0",
"LinearCombinationMatchingRule","bbe_28392","fdb_9728","0.0",
"LinearCombinationMatchingRule","bbe_21029","fdb_16042","0.0",
"LinearCombinationMatchingRule","bbe_12432","fdb_254","0.0",
"LinearCombinationMatchingRule","bbe_12656","fdb_4306","0.0",
"LinearCombinationMatchingRule","bbe_4961","fdb_1673","0.0",
"LinearCombinationMatchingRule","bbe_40310","fdb_9321","0.0",
"LinearCombinationMatchingRule","bbe_32126","fdb_10354","NaN",
"LinearCombinationMatchingRule","bbe_35349","fdb_8509","0.0",
"LinearCombinationMatchingRule","bbe_2094","fdb_10304","0.0",
"LinearCombinationMatchingRule","bbe_10087","fdb_4628","0.95",
"LinearCombinationMatchingRule","bbe_12823","fdb_4254","0.0",
"LinearCombinationMatchingRule","bbe_8216","fdb_2934","0.0",
"LinearCombinationMatchingRule","bbe_38","fdb_706","0.0",
"LinearCombinationMatchingRule","bbe_1575","fdb_10985","0.175",
"LinearCombinationMatchingRule","bbe_8501","fdb_9842","0.0",
"LinearCombinationMatchingRule","bbe_39964","fdb_12933","0.2333333333333333",
"LinearCombinationMatchingRule","bbe_5284","fdb_8020","0.0",
"LinearCombinationMatchingRule","bbe_18884","fdb_13072","0.0",
"LinearCombinationMatchingRule","bbe_47219","fdb_10882","0.0",
"LinearCombinationMatchingRule","bbe_16997","fdb_4239","0.0",
"LinearCombinationMatchingRule","bbe_18686","fdb_14741","0.19999999999999998",
"LinearCombinationMatchingRule","bbe_11822","fdb_13880","0.0",
"LinearCombinationMatchingRule","bbe_4197","fdb_3223","0.0",
"LinearCombinationMatchingRule","bbe_35295","fdb_14210","0.0",
"LinearCombinationMatchingRule","bbe_42320","fdb_16719","0.0",
"LinearCombinationMatchingRule","bbe_40673","fdb_7329","0.0",
"LinearCombinationMatchingRule","bbe_38805","fdb_5242","0.2333333333333333",
"LinearCombinationMatchingRule","bbe_47002","fdb_13984","0.0875",
"LinearCombinationMatchingRule","bbe_4177","fdb_13272","0.35",
"LinearCombinationMatchingRule","bbe_279","fdb_16650","0.0",
"LinearCombinationMatchingRule","bbe_44873","fdb_1703","0.0",
"LinearCombinationMatchingRule","bbe_40869","fdb_6103","0.0",
"LinearCombinationMatchingRule","bbe_4824","fdb_10562","0.0",
"LinearCombinationMatchingRule","bbe_35116","fdb_9121","0.0",
"LinearCombinationMatchingRule","bbe_28336","fdb_7320","0.0",
"LinearCombinationMatchingRule","bbe_8076","fdb_1626","0.35",
"LinearCombinationMatchingRule","bbe_33977","fdb_5685","0.0",
"LinearCombinationMatchingRule","bbe_11733","fdb_6623","0.0",
"LinearCombinationMatchingRule","bbe_33909","fdb_8272","NaN",
"LinearCombinationMatchingRule","bbe_29925","fdb_10348","0.0",
"LinearCombinationMatchingRule","bbe_8367","fdb_832","0.42",
"LinearCombinationMatchingRule","bbe_35724","fdb_10822","0.0",
"LinearCombinationMatchingRule","bbe_16971","fdb_5379","0.0",
"LinearCombinationMatchingRule","bbe_10117","fdb_5006","0.0",
"LinearCombinationMatchingRule","bbe_45823","fdb_15007","0.2333333333333333",
"LinearCombinationMatchingRule","bbe_17118","fdb_11101","0.19999999999999998",
"LinearCombinationMatchingRule","bbe_30288","fdb_9563","0.0",
"LinearCombinationMatchingRule","bbe_51674","fdb_2547","NaN",
"LinearCombinationMatchingRule","bbe_10221","fdb_7402","0.0",
"LinearCombinationMatchingRule","bbe_20038","fdb_9793","0.0",
"LinearCombinationMatchingRule","bbe_30527","fdb_4289","0.0",
"LinearCombinationMatchingRule","bbe_15649","fdb_3052","0.0",
"LinearCombinationMatchingRule","bbe_45240","fdb_13616","0.0",
"LinearCombinationMatchingRule","bbe_16282","fdb_9243","0.2333333333333333",
"LinearCombinationMatchingRule","bbe_141","fdb_5218","0.0",
"LinearCombinationMatchingRule","bbe_16841","fdb_11573","0.0",
"LinearCombinationMatchingRule","bbe_49508","fdb_2849","0.2333333333333333",
"LinearCombinationMatchingRule","bbe_19177","fdb_8232","0.0",
"LinearCombinationMatchingRule","bbe_4959","fdb_11294","0.0",
"LinearCombinationMatchingRule","bbe_11444","fdb_6466","0.0",
"LinearCombinationMatchingRule","bbe_26789","fdb_4495","0.0",
"LinearCombinationMatchingRule","bbe_51030","fdb_16861","0.0",
"LinearCombinationMatchingRule","bbe_14421","fdb_10017","0.0",
"LinearCombinationMatchingRule","bbe_43122","fdb_16050","NaN",
"LinearCombinationMatchingRule","bbe_37771","fdb_15476","0.2333333333333333",
"LinearCombinationMatchingRule","bbe_32090","fdb_610","0.0",
"LinearCombinationMatchingRule","bbe_26040","fdb_8286","NaN",
"LinearCombinationMatchingRule","bbe_33177","fdb_6432","0.0",
"LinearCombinationMatchingRule","bbe_26847","fdb_12085","0.0",
"LinearCombinationMatchingRule","bbe_18656","fdb_8797","0.0",
"LinearCombinationMatchingRule","bbe_7204","fdb_5111","0.0",
"LinearCombinationMatchingRule","bbe_11330","fdb_10728","0.0",
"LinearCombinationMatchingRule","bbe_25963","fdb_15975","0.0",
"LinearCombinationMatchingRule","bbe_18344","fdb_13096","0.0",
"LinearCombinationMatchingRule","bbe_16576","fdb_5032","0.3",
"LinearCombinationMatchingRule","bbe_80","fdb_12796","0.0",
"LinearCombinationMatchingRule","bbe_4779","fdb_15866","0.0",
"LinearCombinationMatchingRule","bbe_33778","fdb_176","0.19999999999999998",
"LinearCombinationMatchingRule","bbe_44113","fdb_3530","NaN",
"LinearCombinationMatchingRule","bbe_15833","fdb_2948","0.2333333333333333",
"LinearCombinationMatchingRule","bbe_38339","fdb_6337","0.0",
"LinearCombinationMatchingRule","bbe_41335","fdb_2875","0.0",
"LinearCombinationMatchingRule","bbe_15968","fdb_1688","NaN",
"LinearCombinationMatchingRule","bbe_38672","fdb_10899","0.1076923076923077",
"LinearCombinationMatchingRule","bbe_7625","fdb_3386","0.0",
"LinearCombinationMatchingRule","bbe_29942","fdb_1026","0.0",
"LinearCombinationMatchingRule","bbe_50791","fdb_1580","0.0",
"LinearCombinationMatchingRule","bbe_10859","fdb_10921","0.2333333333333333",
"LinearCombinationMatchingRule","bbe_32954","fdb_13639","0.0",
"LinearCombinationMatchingRule","bbe_754","fdb_13513","0.0",
"LinearCombinationMatchingRule","bbe_47514","fdb_8293","0.2333333333333333",
"LinearCombinationMatchingRule","bbe_52237","fdb_16588","0.0",
"LinearCombinationMatchingRule","bbe_44484","fdb_11858","NaN",
"LinearCombinationMatchingRule","bbe_32418","fdb_12805","0.0",
"LinearCombinationMatchingRule","bbe_5399","fdb_9215","0.0",
"LinearCombinationMatchingRule","bbe_2222","fdb_10651","0.0",
"LinearCombinationMatchingRule","bbe_684","fdb_6844","0.2333333333333333",
"LinearCombinationMatchingRule","bbe_15356","fdb_3483","0.0",
"LinearCombinationMatchingRule","bbe_2327","fdb_9547","0.13999999999999999",
"LinearCombinationMatchingRule","bbe_25359","fdb_5555","0.0",
"LinearCombinationMatchingRule","bbe_17729","fdb_12092","0.0",
"LinearCombinationMatchingRule","bbe_13449","fdb_12253","0.0",
"LinearCombinationMatchingRule","bbe_18657","fdb_11546","0.0",
"LinearCombinationMatchingRule","bbe_20531","fdb_10149","0.0",
"LinearCombinationMatchingRule","bbe_28052","fdb_12514","0.0",
"LinearCombinationMatchingRule","bbe_49839","fdb_14515","0.0",
"LinearCombinationMatchingRule","bbe_28787","fdb_4028","0.21",
"LinearCombinationMatchingRule","bbe_50287","fdb_3335","0.0",
"LinearCombinationMatchingRule","bbe_30925","fdb_2143","0.0",
"LinearCombinationMatchingRule","bbe_17870","fdb_11257","0.2333333333333333",
"LinearCombinationMatchingRule","bbe_28311","fdb_14406","0.0",
"LinearCombinationMatchingRule","bbe_11240","fdb_1904","0.2333333333333333",
"LinearCombinationMatchingRule","bbe_2004","fdb_10250","0.0",
"LinearCombinationMatchingRule","bbe_34351","fdb_137","0.2333333333333333",
"LinearCombinationMatchingRule","bbe_25231","fdb_10913","0.1076923076923077",
"LinearCombinationMatchingRule","bbe_41341","fdb_7866","0.0",
"LinearCombinationMatchingRule","bbe_42717","fdb_9783","NaN",
"LinearCombinationMatchingRule","bbe_10452","fdb_12514","NaN",
"LinearCombinationMatchingRule","bbe_30429","fdb_1040","0.2333333333333333",
"LinearCombinationMatchingRule","bbe_9332","fdb_12131","0.0",
"LinearCombinationMatchingRule","bbe_6376","fdb_14519","0.2333333333333333",
"LinearCombinationMatchingRule","bbe_8265","fdb_7535","0.2333333333333333",
"LinearCombinationMatchingRule","bbe_50121","fdb_14339","0.15555555555555553",
"LinearCombinationMatchingRule","bbe_12036","fdb_15947","0.95",
"LinearCombinationMatchingRule","bbe_13123","fdb_4983","0.175",
"LinearCombinationMatchingRule","bbe_17950","fdb_5911","0.0",
"LinearCombinationMatchingRule","bbe_37857","fdb_807","0.15555555555555553",
"LinearCombinationMatchingRule","bbe_9056","fdb_11740","0.07777777777777777",
"LinearCombinationMatchingRule","bbe_11548","fdb_7881","NaN",
"LinearCombinationMatchingRule","bbe_8361","fdb_6866","0.0",
"LinearCombinationMatchingRule","bbe_14774","fdb_2547","0.0",
"LinearCombinationMatchingRule","bbe_51341","fdb_2406","0.0",
"LinearCombinationMatchingRule","bbe_13287","fdb_1580","0.0",
"LinearCombinationMatchingRule","bbe_9554","fdb_8809","0.35",
"LinearCombinationMatchingRule","bbe_11310","fdb_14087","0.3",
"LinearCombinationMatchingRule","bbe_51835","fdb_7547","0.0",
"LinearCombinationMatchingRule","bbe_3684","fdb_3165","0.0",
"LinearCombinationMatchingRule","bbe_8501","fdb_6962","0.0",
"LinearCombinationMatchingRule","bbe_3175","fdb_3929","0.0",
"LinearCombinationMatchingRule","bbe_46941","fdb_8722","0.0",
"LinearCombinationMatchingRule","bbe_15127","fdb_14775","0.16153846153846155",
"LinearCombinationMatchingRule","bbe_19063","fdb_7360","0.0",
"LinearCombinationMatchingRule","bbe_23583","fdb_7483","0.13999999999999999",
"LinearCombinationMatchingRule","bbe_45671","fdb_8801","0.0",
"LinearCombinationMatchingRule","bbe_40187","fdb_10135","0.2333333333333333",
"LinearCombinationMatchingRule","bbe_31876","fdb_5665","0.0",
"LinearCombinationMatchingRule","bbe_26040","fdb_13096","0.0",
"LinearCombinationMatchingRule","bbe_928","fdb_9558","0.0",
"LinearCombinationMatchingRule","bbe_46219","fdb_15243","0.0",
"LinearCombinationMatchingRule","bbe_7894","fdb_3441","0.26249999999999996",
"LinearCombinationMatchingRule","bbe_40291","fdb_16311","0.175",
"LinearCombinationMatchingRule","bbe_5994","fdb_735","0.175",
"LinearCombinationMatchingRule","bbe_2216","fdb_14600","0.0",
"LinearCombinationMatchingRule","bbe_37379","fdb_8144","0.0",
"LinearCombinationMatchingRule","bbe_47267","fdb_3428","0.0",
"LinearCombinationMatchingRule","bbe_8587","fdb_12410","0.19999999999999998",
"LinearCombinationMatchingRule","bbe_19987","fdb_6829","0.2333333333333333",
"LinearCombinationMatchingRule","bbe_9523","fdb_2964","0.0",
"LinearCombinationMatchingRule","bbe_33478","fdb_7329","0.0",
"LinearCombinationMatchingRule","bbe_2201","fdb_4252","0.0",
"LinearCombinationMatchingRule","bbe_676","fdb_3787","NaN",
"LinearCombinationMatchingRule","bbe_43720","fdb_5577","0.0",
"LinearCombinationMatchingRule","bbe_23351","fdb_7741","0.13999999999999999",
"LinearCombinationMatchingRule","bbe_34461","fdb_11121","0.0",
"LinearCombinationMatchingRule","bbe_23848","fdb_12938","0.0",
"LinearCombinationMatchingRule","bbe_22138","fdb_10149","0.0",
"LinearCombinationMatchingRule","bbe_236","fdb_10853","0.19999999999999998",
"LinearCombinationMatchingRule","bbe_7204","fdb_1773","0.0",
"LinearCombinationMatchingRule","bbe_16494","fdb_10608","0.0",
"LinearCombinationMatchingRule","bbe_11182","fdb_8972","0.0",
"LinearCombinationMatchingRule","bbe_36729","fdb_5244","0.0",
"LinearCombinationMatchingRule","bbe_26675","fdb_13771","0.0",
"LinearCombinationMatchingRule","bbe_13406","fdb_15226","0.0",
"LinearCombinationMatchingRule","bbe_4162","fdb_11893","0.0",
"LinearCombinationMatchingRule","bbe_29825","fdb_13695","0.0",
"LinearCombinationMatchingRule","bbe_8031","fdb_11520","0.0",
"LinearCombinationMatchingRule","bbe_24266","fdb_12975","0.0",
"LinearCombinationMatchingRule","bbe_17601","fdb_11662","0.2333333333333333",
"LinearCombinationMatchingRule","bbe_9203","fdb_13476","NaN",
"LinearCombinationMatchingRule","bbe_7048","fdb_2865","0.7",
"LinearCombinationMatchingRule","bbe_19062","fdb_9032","0.0",
"LinearCombinationMatchingRule","bbe_19892","fdb_4624","0.2333333333333333",
"LinearCombinationMatchingRule","bbe_25517","fdb_48","0.0",
"LinearCombinationMatchingRule","bbe_43508","fdb_15648","0.2333333333333333",
"LinearCombinationMatchingRule","bbe_11966","fdb_3676","0.0",
"LinearCombinationMatchingRule","bbe_5009","fdb_15417","0.0",
"LinearCombinationMatchingRule","bbe_4072","fdb_9699","0.0",
"LinearCombinationMatchingRule","bbe_34530","fdb_5393","0.42",
"LinearCombinationMatchingRule","bbe_13430","fdb_4987","0.0",
"LinearCombinationMatchingRule","bbe_43733","fdb_15761","0.0",
"LinearCombinationMatchingRule","bbe_7446","fdb_10175","0.0",
"LinearCombinationMatchingRule","bbe_26079","fdb_8186","0.0",
"LinearCombinationMatchingRule","bbe_16552","fdb_13018","0.7",
"LinearCombinationMatchingRule","bbe_15800","fdb_12076","0.0",
"LinearCombinationMatchingRule","bbe_19153","fdb_8783","0.35",
"LinearCombinationMatchingRule","bbe_30621","fdb_14232","0.0",
"LinearCombinationMatchingRule","bbe_50911","fdb_11753","0.0",
"LinearCombinationMatchingRule","bbe_29940","fdb_6014","0.0",
"LinearCombinationMatchingRule","bbe_1132","fdb_559","0.0",
"LinearCombinationMatchingRule","bbe_36222","fdb_13351","0.3",
"LinearCombinationMatchingRule","bbe_17912","fdb_9737","0.0",
"LinearCombinationMatchingRule","bbe_8943","fdb_3033","0.2333333333333333",
"LinearCombinationMatchingRule","bbe_10596","fdb_1935","0.0",
"LinearCombinationMatchingRule","bbe_17227","fdb_8460","0.4431818181818182",
"LinearCombinationMatchingRule","bbe_47916","fdb_13407","0.0",
"LinearCombinationMatchingRule","bbe_793","fdb_1289","0.2333333333333333",
"LinearCombinationMatchingRule","bbe_29309","fdb_2332","0.0",
"LinearCombinationMatchingRule","bbe_4400","fdb_1671","0.0",
"LinearCombinationMatchingRule","bbe_39921","fdb_12361","0.0",
"LinearCombinationMatchingRule","bbe_18460","fdb_8471","0.2333333333333333",
"LinearCombinationMatchingRule","bbe_20537","fdb_12095","0.0",
"LinearCombinationMatchingRule","bbe_5802","fdb_2614","0.2333333333333333",
"LinearCombinationMatchingRule","bbe_36163","fdb_12569","0.0",
"LinearCombinationMatchingRule","bbe_25293","fdb_12635","0.0",
"LinearCombinationMatchingRule","bbe_31453","fdb_16861","0.0",
"LinearCombinationMatchingRule","bbe_9297","fdb_8181","0.0",
"LinearCombinationMatchingRule","bbe_51716","fdb_16873","0.0",
"LinearCombinationMatchingRule","bbe_34217","fdb_7797","0.0",
"LinearCombinationMatchingRule","bbe_45861","fdb_14810","0.0",
"LinearCombinationMatchingRule","bbe_44853","fdb_11924","0.0",
"LinearCombinationMatchingRule","bbe_2227","fdb_14745","0.0",
"LinearCombinationMatchingRule","bbe_13230","fdb_10238","0.0608695652173913",
"LinearCombinationMatchingRule","bbe_25164","fdb_13842","0.0",
"LinearCombinationMatchingRule","bbe_32794","fdb_1121","NaN",
"LinearCombinationMatchingRule","bbe_20380","fdb_8919","0.0",
"LinearCombinationMatchingRule","bbe_30569","fdb_12117","0.0",
"LinearCombinationMatchingRule","bbe_13490","fdb_16747","0.11666666666666665",
"LinearCombinationMatchingRule","bbe_40372","fdb_13834","0.0",
"LinearCombinationMatchingRule","bbe_19779","fdb_9093","0.0",
"LinearCombinationMatchingRule","bbe_13558","fdb_16631","0.35",
"LinearCombinationMatchingRule","bbe_139","fdb_535","0.0",
"LinearCombinationMatchingRule","bbe_42204","fdb_8480","0.0",
"LinearCombinationMatchingRule","bbe_49454","fdb_16213","NaN",
"LinearCombinationMatchingRule","bbe_29557","fdb_2278","0.0",
"LinearCombinationMatchingRule","bbe_14897","fdb_11573","0.0",
"LinearCombinationMatchingRule","bbe_20559","fdb_6098","0.15555555555555553",
"LinearCombinationMatchingRule","bbe_10311","fdb_11536","0.0",
"LinearCombinationMatchingRule","bbe_22272","fdb_10337","0.0",
"LinearCombinationMatchingRule","bbe_15648","fdb_354","0.0",
"LinearCombinationMatchingRule","bbe_51786","fdb_14391","0.0",
"LinearCombinationMatchingRule","bbe_308","fdb_7911","0.0",
"LinearCombinationMatchingRule","bbe_6884","fdb_4087","0.0",
"LinearCombinationMatchingRule","bbe_38339","fdb_12796","0.0",
"LinearCombinationMatchingRule","bbe_48711","fdb_5361","0.09999999999999999",
"LinearCombinationMatchingRule","bbe_17741","fdb_3432","0.0",
"LinearCombinationMatchingRule","bbe_4521","fdb_8637","NaN",
"LinearCombinationMatchingRule","bbe_15066","fdb_5903","NaN",
"LinearCombinationMatchingRule","bbe_41953","fdb_9927","0.0",
"LinearCombinationMatchingRule","bbe_22442","fdb_2775","0.0",
"LinearCombinationMatchingRule","bbe_32660","fdb_3979","0.2333333333333333",
"LinearCombinationMatchingRule","bbe_5060","fdb_16067","0.0",
"LinearCombinationMatchingRule","bbe_6569","fdb_5018","0.2333333333333333",
"LinearCombinationMatchingRule","bbe_18344","fdb_8286","0.0",
"LinearCombinationMatchingRule","bbe_6409","fdb_9209","0.0",
"LinearCombinationMatchingRule","bbe_38336","fdb_13125","0.0",
"LinearCombinationMatchingRule","bbe_32409","fdb_14906","0.0",
"LinearCombinationMatchingRule","bbe_24661","fdb_4149","0.0",
"LinearCombinationMatchingRule","bbe_8211","fdb_16472","0.0",
"LinearCombinationMatchingRule","bbe_38562","fdb_1442","0.0",
"LinearCombinationMatchingRule","bbe_10139","fdb_4870","0.42",
"LinearCombinationMatchingRule","bbe_39433","fdb_14818","0.7",
"LinearCombinationMatchingRule","bbe_32525","fdb_7746","0.2333333333333333",
"LinearCombinationMatchingRule","bbe_5148","fdb_9356","0.35",
"LinearCombinationMatchingRule","bbe_34550","fdb_12911","0.0",
"LinearCombinationMatchingRule","bbe_34622","fdb_7329","0.0",
"LinearCombinationMatchingRule","bbe_51217","fdb_7159","0.2333333333333333",
"LinearCombinationMatchingRule","bbe_13578","fdb_4565","0.0",
"LinearCombinationMatchingRule","bbe_52022","fdb_8908","0.0",
"LinearCombinationMatchingRule","bbe_6690","fdb_6486","0.0",
"LinearCombinationMatchingRule","bbe_3393","fdb_8347","NaN",
"LinearCombinationMatchingRule","bbe_15761","fdb_6788","0.0",
"LinearCombinationMatchingRule","bbe_20296","fdb_5397","0.0",
"LinearCombinationMatchingRule","bbe_14075","fdb_7314","0.0",
"LinearCombinationMatchingRule","bbe_35779","fdb_1408","0.19999999999999998",
"LinearCombinationMatchingRule","bbe_27157","fdb_9662","0.7",
"LinearCombinationMatchingRule","bbe_20099","fdb_14762","0.0",
"LinearCombinationMatchingRule","bbe_31746","fdb_10293","0.35",
"LinearCombinationMatchingRule","bbe_33028","fdb_3483","0.0",
"LinearCombinationMatchingRule","bbe_14488","fdb_2388","0.7",
"LinearCombinationMatchingRule","bbe_11330","fdb_1820","0.0",
"LinearCombinationMatchingRule","bbe_21424","fdb_7195","NaN",
"LinearCombinationMatchingRule","bbe_1553","fdb_17091","0.0",
"LinearCombinationMatchingRule","bbe_47002","fdb_15216","0.09999999999999999",
"LinearCombinationMatchingRule","bbe_49592","fdb_12025","0.0",
"LinearCombinationMatchingRule","bbe_14918","fdb_9943","0.0",
"LinearCombinationMatchingRule","bbe_47461","fdb_11883","0.0",
"LinearCombinationMatchingRule","bbe_2244","fdb_5197","0.0",
"LinearCombinationMatchingRule","bbe_33561","fdb_13579","0.0",
"LinearCombinationMatchingRule","bbe_1043","fdb_13018","0.0",
"LinearCombinationMatchingRule","bbe_12743","fdb_7744","0.0",
"LinearCombinationMatchingRule","bbe_18348","fdb_3643","0.2333333333333333",
"LinearCombinationMatchingRule","bbe_30349","fdb_1311","0.0",
"LinearCombinationMatchingRule","bbe_47864","fdb_10221","0.0",
"LinearCombinationMatchingRule","bbe_29677","fdb_12425","0.0",
"LinearCombinationMatchingRule","bbe_13445","fdb_6602","0.42",
"LinearCombinationMatchingRule","bbe_1838","fdb_12305","0.0",
"LinearCombinationMatchingRule","bbe_38001","fdb_1391","0.0",
"LinearCombinationMatchingRule","bbe_979","fdb_13918","0.0",
"LinearCombinationMatchingRule","bbe_38925","fdb_14009","0.0",
"LinearCombinationMatchingRule","bbe_6730","fdb_14703","0.0",
"LinearCombinationMatchingRule","bbe_40663","fdb_757","0.0",
"LinearCombinationMatchingRule","bbe_35815","fdb_13445","0.0",
"LinearCombinationMatchingRule","bbe_30092","fdb_468","0.09333333333333332",
"LinearCombinationMatchingRule","bbe_57","fdb_1329","0.0",
"LinearCombinationMatchingRule","bbe_46222","fdb_1167","0.0",
"LinearCombinationMatchingRule","bbe_36740","fdb_10609","0.0",
"LinearCombinationMatchingRule","bbe_44365","fdb_7094","0.09999999999999999",
"LinearCombinationMatchingRule","bbe_42176","fdb_8996","0.0",
"LinearCombinationMatchingRule","bbe_20042","fdb_17102","0.2333333333333333",
"LinearCombinationMatchingRule","bbe_10648","fdb_11894","0.0",
"LinearCombinationMatchingRule","bbe_8050","fdb_10635","0.2333333333333333",
"LinearCombinationMatchingRule","bbe_40486","fdb_1186","0.19999999999999998",
"LinearCombinationMatchingRule","bbe_8556","fdb_8421","0.0",
"LinearCombinationMatchingRule","bbe_14616","fdb_1442","0.0",
"LinearCombinationMatchingRule","bbe_17312","fdb_10401","0.0",
"LinearCombinationMatchingRule","bbe_24777","fdb_16719","0.0",
"LinearCombinationMatchingRule","bbe_11558","fdb_12644","0.0",
"LinearCombinationMatchingRule","bbe_3275","fdb_13477","NaN",
"LinearCombinationMatchingRule","bbe_37341","fdb_10668","0.0",
"LinearCombinationMatchingRule","bbe_35235","fdb_13336","NaN",
"LinearCombinationMatchingRule","bbe_19973","fdb_12967","0.0",
"LinearCombinationMatchingRule","bbe_44559","fdb_16860","NaN",
"LinearCombinationMatchingRule","bbe_31200","fdb_10186","0.0",
"LinearCombinationMatchingRule","bbe_37278","fdb_17259","0.0",
"LinearCombinationMatchingRule","bbe_5113","fdb_682","0.26249999999999996",
"LinearCombinationMatchingRule","bbe_21397","fdb_9359","0.19999999999999998",
"LinearCombinationMatchingRule","bbe_19628","fdb_13031","NaN",
"LinearCombinationMatchingRule","bbe_22003","fdb_15931","0.0",
"LinearCombinationMatchingRule","bbe_44175","fdb_4499","0.0",
"LinearCombinationMatchingRule","bbe_15805","fdb_15399","0.0",
"LinearCombinationMatchingRule","bbe_14918","fdb_10184","0.0",
"LinearCombinationMatchingRule","bbe_33028","fdb_7881","0.0",
"LinearCombinationMatchingRule","bbe_39529","fdb_3542","0.0",
"LinearCombinationMatchingRule","bbe_10400","fdb_16392","0.2333333333333333",
"LinearCombinationMatchingRule","bbe_50291","fdb_12930","0.0",
"LinearCombinationMatchingRule","bbe_3860","fdb_507","0.0",
"LinearCombinationMatchingRule","bbe_12546","fdb_3863","0.95",
"LinearCombinationMatchingRule","bbe_381","fdb_7555","0.0",
"LinearCombinationMatchingRule","bbe_378","fdb_15439","0.0",
"LinearCombinationMatchingRule","bbe_47209","fdb_5685","0.0",
"LinearCombinationMatchingRule","bbe_35541","fdb_3541","0.13999999999999999",
"LinearCombinationMatchingRule","bbe_27559","fdb_7036","0.0",
"LinearCombinationMatchingRule","bbe_647","fdb_3373","0.0",
"LinearCombinationMatchingRule","bbe_29160","fdb_8435","0.0",
"LinearCombinationMatchingRule","bbe_46356","fdb_603","0.0",
"LinearCombinationMatchingRule","bbe_22644","fdb_16392","0.2333333333333333",
"LinearCombinationMatchingRule","bbe_34295","fdb_11921","0.3",
"LinearCombinationMatchingRule","bbe_20088","fdb_13541","0.19999999999999998",
"LinearCombinationMatchingRule","bbe_14323","fdb_12796","0.0",
"LinearCombinationMatchingRule","bbe_12855","fdb_6462","0.0",
"LinearCombinationMatchingRule","bbe_28444","fdb_10329","0.0",
"LinearCombinationMatchingRule","bbe_2969","fdb_7824","0.0",
"LinearCombinationMatchingRule","bbe_27208","fdb_17238","0.0",
"LinearCombinationMatchingRule","bbe_47422","fdb_15931","0.0",
"LinearCombinationMatchingRule","bbe_49203","fdb_2538","0.0",
"LinearCombinationMatchingRule","bbe_49203","fdb_4957","0.0",
"LinearCombinationMatchingRule","bbe_22268","fdb_12095","0.0",
"LinearCombinationMatchingRule","bbe_32302","fdb_8250","0.0",
"LinearCombinationMatchingRule","bbe_32029","fdb_8932","0.0",
"LinearCombinationMatchingRule","bbe_39007","fdb_3889","0.0",
"LinearCombinationMatchingRule","bbe_7842","fdb_8513","0.08333333333333333",
"LinearCombinationMatchingRule","bbe_12333","fdb_6559","0.0",
"LinearCombinationMatchingRule","bbe_17803","fdb_16063","0.0",
"LinearCombinationMatchingRule","bbe_16997","fdb_630","0.0",
"LinearCombinationMatchingRule","bbe_1597","fdb_10128","0.12727272727272726",
"LinearCombinationMatchingRule","bbe_19612","fdb_12231","0.0",
"LinearCombinationMatchingRule","bbe_43034","fdb_15243","0.0",
"LinearCombinationMatchingRule","bbe_26111","fdb_7577","0.2333333333333333",
"LinearCombinationMatchingRule","bbe_1393","fdb_10181","0.0",
"LinearCombinationMatchingRule","bbe_52208","fdb_3329","0.0",
"LinearCombinationMatchingRule","bbe_15066","fdb_7481","0.0",
"LinearCombinationMatchingRule","bbe_15539","fdb_12773","0.13999999999999999",
"LinearCombinationMatchingRule","bbe_29382","fdb_13513","0.0",
"LinearCombinationMatchingRule","bbe_1186","fdb_9113","0.42",
